org.apache.commons.lang3.math.NumberUtils.isParsable(String);org.apache.commons.lang3.math.NumberUtilsTest.testIsParsable();;;;
org.apache.commons.lang3.math.NumberUtils.createBigDecimal(String);org.apache.commons.lang3.math.NumberUtilsTest.testCreateBigDecimal();org.apache.commons.lang3.math.NumberUtilsTest.testCreateBigDecimalFailure(String);;;
org.apache.commons.lang3.math.NumberUtils.createBigInteger(String);org.apache.commons.lang3.math.NumberUtilsTest.testCreateBigIntegerFailure(String);;;;
org.apache.commons.lang3.text.WordUtils.wrap(String,int,String,boolean,String);org.apache.commons.lang3.text.WordUtilsTest.testWrap_StringIntStringBooleanString();;;;
org.apache.commons.lang3.StringUtils.getLevenshteinDistance(CharSequence,CharSequence,int);org.apache.commons.lang3.StringUtilsTest.testGetLevenshteinDistance_NullStringInt();org.apache.commons.lang3.StringUtilsTest.testGetLevenshteinDistance_StringNullInt();org.apache.commons.lang3.StringUtilsTest.testGetLevenshteinDistance_StringStringInt();;
org.apache.commons.lang3.StringUtils.indexOfDifference(CharSequence...);org.apache.commons.lang3.StringUtilsTest.testDifferenceAt_StringArray();;;;
org.apache.commons.lang3.RandomStringUtils.random(int,int,int,boolean,boolean,char[],Random);org.apache.commons.lang3.RandomStringUtilsTest.testRandomStringUtils();org.apache.commons.lang3.RandomStringUtilsTest.testLANG805();org.apache.commons.lang3.RandomStringUtilsTest.testExceptions();;
org.apache.commons.lang3.builder.EqualsBuilder.reflectionAppend(Object,Object);org.apache.commons.lang3.builder.EqualsBuilderTest.testReflectionAppend();;;;
org.apache.commons.lang3.time.DurationFormatUtils.formatPeriod(long,long,String,boolean,TimeZone);org.apache.commons.lang3.time.DurationFormatUtilsTest.testFormatPeriodISO();org.apache.commons.lang3.time.DurationFormatUtilsTest.testFormatPeriod();org.apache.commons.lang3.time.DurationFormatUtilsTest.testLANG815();org.apache.commons.lang3.time.DurationFormatUtilsTest.testFormatPeriodISOMethod();
org.apache.commons.lang3.time.DurationFormatUtils.formatDurationWords(long,boolean,boolean);org.apache.commons.lang3.time.DurationFormatUtilsTest.testFormatDurationWords();org.apache.commons.lang3.time.DurationFormatUtilsTest.testFormatDurationPluralWords();;;
org.apache.commons.lang3.ArrayUtils.lastIndexOf(Object[],Object,int);org.apache.commons.lang3.ArrayUtilsTest.testLastIndexOfWithStartIndex();org.apache.commons.lang3.ArrayUtilsTest.testLastIndexOf();;;
org.apache.commons.lang3.ArrayUtils.shift(boolean[],int,int,int);org.apache.commons.lang3.ArrayUtilsTest.testShiftBoolean();;;;
org.apache.commons.lang3.ArrayUtils.shift(byte[],int,int,int);org.apache.commons.lang3.ArrayUtilsTest.testShiftRangeByte();org.apache.commons.lang3.ArrayUtilsTest.testShiftRangeNoElemByte();org.apache.commons.lang3.ArrayUtilsTest.testShiftRangeNullByte();org.apache.commons.lang3.ArrayUtilsTest.testShiftByte();org.apache.commons.lang3.ArrayUtilsTest.testShiftAllByte()
org.apache.commons.lang3.ArrayUtils.shift(char[],int,int,int);org.apache.commons.lang3.ArrayUtilsTest.testShiftRangeChar();org.apache.commons.lang3.ArrayUtilsTest.testShiftRangeNoElemChar();org.apache.commons.lang3.ArrayUtilsTest.testShiftRangeNullChar();org.apache.commons.lang3.ArrayUtilsTest.testShiftChar();org.apache.commons.lang3.ArrayUtilsTest.testShiftAllChar()
org.apache.commons.lang3.ArrayUtils.shift(float[],int,int,int);org.apache.commons.lang3.ArrayUtilsTest.testShiftRangeFloat();org.apache.commons.lang3.ArrayUtilsTest.testShiftRangeNoElemFloat();org.apache.commons.lang3.ArrayUtilsTest.testShiftRangeNullFloat();org.apache.commons.lang3.ArrayUtilsTest.testShiftFloat();org.apache.commons.lang3.ArrayUtilsTest.testShiftAllFloat()
org.apache.commons.lang3.ArrayUtils.shift(Object[],int,int,int);org.apache.commons.lang3.ArrayUtilsTest.testShiftRangeObject();org.apache.commons.lang3.ArrayUtilsTest.testShiftRangeNoElemObject();org.apache.commons.lang3.ArrayUtilsTest.testShiftRangeNullObject();;
org.apache.commons.lang3.ObjectUtils.allNotNull(Object...);org.apache.commons.lang3.ObjectUtilsTest.testAllNotNull();;;;
org.apache.commons.lang3.ObjectUtils.hashCodeMulti(Object...);org.apache.commons.lang3.ObjectUtilsTest.testHashCodeMulti_multiple_emptyArray();org.apache.commons.lang3.ObjectUtilsTest.testHashCodeMulti_multiple_nullArray();org.apache.commons.lang3.ObjectUtilsTest.testHashCodeMulti_multiple_likeList();;
org.apache.commons.lang3.AnnotationUtils.isValidAnnotationMemberType(Class<?>);org.apache.commons.lang3.AnnotationUtilsTest.testIsValidAnnotationMemberType();;;;
org.apache.commons.lang3.ArrayUtils.add(byte[],byte);org.apache.commons.lang3.ArrayUtilsAddTest.testAddObjectArrayByte();;;;
org.apache.commons.lang3.ArrayUtils.addAll(char[],char...);org.apache.commons.lang3.ArrayUtilsAddTest.testAddObjectArrayToObjectArray();;;;
org.apache.commons.lang3.AnnotationUtils.hashCode(Annotation);org.apache.commons.lang3.AnnotationUtilsTest.testHashCode();;;;
org.apache.commons.lang3.ArrayUtils.getLength(Object);org.apache.commons.lang3.ArrayUtilsTest.testGetLength();;;;
org.apache.commons.lang3.ArrayUtils.insert(int,byte[],byte...);org.apache.commons.lang3.ArrayUtilsInsertTest.testInsertBytes();;;;
org.apache.commons.lang3.ArrayUtils.isSameLength(Object[],Object[]);org.apache.commons.lang3.ArrayUtilsTest.testSameLength();;;;
org.apache.commons.lang3.ArrayUtils.isSameType(Object,Object);org.apache.commons.lang3.ArrayUtilsTest.testSameType();;;;
org.apache.commons.lang3.ArrayUtils.isSorted(int[]);org.apache.commons.lang3.ArrayUtilsTest.testIsSortedInt();;;;
org.apache.commons.lang3.ArrayUtils.clone(double[]);org.apache.commons.lang3.ArrayUtilsTest.testCloneDouble();org.apache.commons.lang3.ArrayUtilsTest.testShuffleDouble();;;
org.apache.commons.lang3.ArrayUtils.removeAllOccurences(long[],long);org.apache.commons.lang3.ArrayUtilsRemoveTest.testRemoveAllLongOccurences();;;;
org.apache.commons.lang3.ArrayUtils.removeElement(boolean[],boolean);org.apache.commons.lang3.ArrayUtilsRemoveTest.testRemoveElementBooleanArray();;;;
org.apache.commons.lang3.ArrayUtils.reverse(long[]);org.apache.commons.lang3.ArrayUtilsTest.testReverseBooleanRange();;;;
org.apache.commons.lang3.ArrayUtils.shift(Object[],int);org.apache.commons.lang3.ArrayUtilsTest.testShiftObject();org.apache.commons.lang3.ArrayUtilsTest.testShiftNullObject();org.apache.commons.lang3.ArrayUtilsTest.testShiftAllObject();;
org.apache.commons.lang3.ArrayUtils.shuffle(short[],Random);org.apache.commons.lang3.ArrayUtilsTest.testShuffleShort();;;;
org.apache.commons.lang3.ArrayUtils.subarray(long[],int,int);org.apache.commons.lang3.ArrayUtilsTest.testSubarrayLong();;;;
org.apache.commons.lang3.ArrayUtils.swap(boolean[],int,int);org.apache.commons.lang3.ArrayUtilsTest.testSwapBoolean();org.apache.commons.lang3.ArrayUtilsTest.testSwapNullBooleanArray();org.apache.commons.lang3.ArrayUtilsTest.testSwapEmptyBooleanArray();;
org.apache.commons.lang3.ArrayUtils.swap(boolean[],int,int,int);org.apache.commons.lang3.ArrayUtilsTest.testSwapBooleanRange();;;;
org.apache.commons.lang3.ArrayUtils.toPrimitive(Long[]);org.apache.commons.lang3.ArrayUtilsTest.testToPrimitive_long();org.apache.commons.lang3.ArrayUtilsTest.testCreatePrimitiveArray();;;
org.apache.commons.lang3.ArrayUtils.toStringArray(Object[]);org.apache.commons.lang3.ArrayUtilsTest.testToStringArray_array();;;;
org.apache.commons.lang3.BooleanUtils.and(boolean...);org.apache.commons.lang3.BooleanUtilsTest.testAnd_primitive_nullInput();org.apache.commons.lang3.BooleanUtilsTest.testAnd_primitive_emptyInput();org.apache.commons.lang3.BooleanUtilsTest.testAnd_primitive_validInput_2items();org.apache.commons.lang3.BooleanUtilsTest.testAnd_primitive_validInput_3items();
org.apache.commons.lang3.BooleanUtils.compare(boolean,boolean);org.apache.commons.lang3.BooleanUtilsTest.testCompare();;;;
org.apache.commons.lang3.BooleanUtils.or(boolean...);org.apache.commons.lang3.BooleanUtilsTest.testOr_primitive_nullInput();org.apache.commons.lang3.BooleanUtilsTest.testOr_primitive_validInput_2items();org.apache.commons.lang3.BooleanUtilsTest.testOr_primitive_emptyInput();org.apache.commons.lang3.BooleanUtilsTest.testOr_primitive_validInput_3items();
org.apache.commons.lang3.BooleanUtils.toBooleanDefaultIfNull(Boolean,boolean);org.apache.commons.lang3.BooleanUtilsTest.test_toBooleanDefaultIfNull_Boolean_boolean();;;;
org.apache.commons.lang3.BooleanUtils.toBooleanObject(Integer);org.apache.commons.lang3.BooleanUtilsTest.test_toBooleanObject_Integer();;;;
org.apache.commons.lang3.BooleanUtils.toIntegerObject(Boolean);org.apache.commons.lang3.BooleanUtilsTest.test_toIntegerObject_Boolean();;;;
org.apache.commons.lang3.BooleanUtils.toString(Boolean,String,String,String);org.apache.commons.lang3.BooleanUtilsTest.test_toString_Boolean_String_String_String();;;;
org.apache.commons.lang3.BooleanUtils.xor(boolean...);org.apache.commons.lang3.BooleanUtilsTest.testXor_primitive_nullInput();org.apache.commons.lang3.BooleanUtilsTest.testXor_primitive_emptyInput();org.apache.commons.lang3.BooleanUtilsTest.testXor_primitive_validInput_2items();org.apache.commons.lang3.BooleanUtilsTest.testXor_primitive_validInput_3items();
org.apache.commons.lang3.CharEncoding.isSupported(String);org.apache.commons.lang3.CharEncodingTest.testSupported();org.apache.commons.lang3.CharEncodingTest.testNotSupported();;;
org.apache.commons.lang3.CharRange.contains(CharRange);org.apache.commons.lang3.CharRangeTest.testContains_Charrange();;;;
org.apache.commons.lang3.CharSetUtils.containsAny(String,String...);org.apache.commons.lang3.CharSetUtilsTest.testContainsAny_StringString();org.apache.commons.lang3.CharSetUtilsTest.testContainsAny_StringStringarray();;;
org.apache.commons.lang3.CharSetUtils.count(String,String...);org.apache.commons.lang3.CharSetUtilsTest.testCount_StringString();org.apache.commons.lang3.CharSetUtilsTest.testCount_StringStringarray();;;
org.apache.commons.lang3.CharSetUtils.delete(String,String...);org.apache.commons.lang3.CharSetUtilsTest.testDelete_StringString();org.apache.commons.lang3.CharSetUtilsTest.testDelete_StringStringarray();;;
org.apache.commons.lang3.CharSetUtils.keep(String,String...);org.apache.commons.lang3.CharSetUtilsTest.testKeep_StringString();org.apache.commons.lang3.CharSetUtilsTest.testKeep_StringStringarray();;;
org.apache.commons.lang3.CharSetUtils.squeeze(String,String...);org.apache.commons.lang3.CharSetUtilsTest.testSqueeze_StringString();org.apache.commons.lang3.CharSetUtilsTest.testSqueeze_StringStringarray();;;
org.apache.commons.lang3.CharUtils.toChar(Character,char);org.apache.commons.lang3.CharUtilsTest.testToChar_Character_char();;;;
org.apache.commons.lang3.CharUtils.toCharacterObject(String);org.apache.commons.lang3.CharUtilsTest.testToCharacterObject_char();org.apache.commons.lang3.CharUtilsTest.testToCharacterObject_String();;;
org.apache.commons.lang3.CharUtils.toIntValue(Character,int);org.apache.commons.lang3.CharUtilsTest.testToIntValue_Character_int();;;;
org.apache.commons.lang3.CharUtils.toString(char);org.apache.commons.lang3.CharUtilsTest.testToString_char();;;;
org.apache.commons.lang3.CharUtils.unicodeEscaped(Character);org.apache.commons.lang3.CharUtilsTest.testToUnicodeEscaped_Character();;;;
org.apache.commons.lang3.ClassLoaderUtils.toString(ClassLoader);org.apache.commons.lang3.ClassLoaderUtilsTest.testToString_ClassLoader();;;;
org.apache.commons.lang3.Conversion.binaryBeMsb0ToHexDigit(boolean[],int);org.apache.commons.lang3.ConversionTest.testBinaryBeMsb0ToHexDigit_2args();;;;
org.apache.commons.lang3.Conversion.binaryToHexDigit(boolean[],int);org.apache.commons.lang3.ConversionTest.testBinaryToHexDigit_2args();;;;
org.apache.commons.lang3.Conversion.byteArrayToUuid(byte[],int);org.apache.commons.lang3.ConversionTest.testByteArrayToUuid();;;;
org.apache.commons.lang3.Conversion.hexDigitToInt(char);org.apache.commons.lang3.ConversionTest.testHexDigitToInt();;;;
org.apache.commons.lang3.Conversion.intToHex(int,int,String,int,int);org.apache.commons.lang3.ConversionTest.testIntToHex();;;;
org.apache.commons.lang3.Conversion.intToHexDigit(int);org.apache.commons.lang3.ConversionTest.testIntToHexDigit();;;;
org.apache.commons.lang3.Conversion.longToIntArray(long,int,int[],int,int);org.apache.commons.lang3.ConversionTest.testLongToIntArray();;;;
org.apache.commons.lang3.EnumUtils.generateBitVector(Class<E>,Iterable<? extends E>);org.apache.commons.lang3.EnumUtilsTest.test_generateBitVector();;;;
org.apache.commons.lang3.EnumUtils.getEnumMap(Class<E>);org.apache.commons.lang3.EnumUtilsTest.test_getEnumMap();;;;
org.apache.commons.lang3.EnumUtils.processBitVectors(Class<E>,long...);org.apache.commons.lang3.EnumUtilsTest.test_processBitVectors();org.apache.commons.lang3.EnumUtilsTest.test_processBitVectors_longClass();;;
org.apache.commons.lang3.ObjectUtils.identityToString(Object);org.apache.commons.lang3.ObjectUtilsTest.testIdentityToStringObjectNull();org.apache.commons.lang3.ObjectUtilsTest.testIdentityToStringInteger();org.apache.commons.lang3.ObjectUtilsTest.testIdentityToStringString();;
org.apache.commons.lang3.ObjectUtils.isEmpty(Object);org.apache.commons.lang3.ObjectUtilsTest.testIsEmpty();;;;
org.apache.commons.lang3.RandomUtils.nextDouble(double,double);org.apache.commons.lang3.RandomUtilsTest.testNextDoubleMinimalRange();org.apache.commons.lang3.RandomUtilsTest.testNextDouble();org.apache.commons.lang3.RandomUtilsTest.testExtremeRangeDouble();;
org.apache.commons.lang3.RandomUtils.nextFloat(float,float);org.apache.commons.lang3.RandomUtilsTest.testNextFloatMinimalRange();org.apache.commons.lang3.RandomUtilsTest.testExtremeRangeInt();;;
org.apache.commons.lang3.Range.containsRange(Range<T>);org.apache.commons.lang3.RangeTest.testContainsRange();;;;
org.apache.commons.lang3.Range.isAfterRange(Range<T>);org.apache.commons.lang3.RangeTest.testIsAfterRange();;;;
org.apache.commons.lang3.Range.isBeforeRange(Range<T>);org.apache.commons.lang3.RangeTest.testIsBeforeRange();;;;
org.apache.commons.lang3.RegExUtils.replaceFirst(String,Pattern,String);org.apache.commons.lang3.RegExUtilsTest.testReplaceFirst_StringPatternString();;;;
org.apache.commons.lang3.RegExUtils.replacePattern(String,String,String);org.apache.commons.lang3.RegExUtilsTest.testReplacePattern_StringStringString();;;;
org.apache.commons.lang3.SerializationUtils.serialize(Serializable,OutputStream);org.apache.commons.lang3.SerializationUtilsTest.testSerializeStream();org.apache.commons.lang3.SerializationUtilsTest.testSerializeStreamUnserializable();org.apache.commons.lang3.SerializationUtilsTest.testSerializeStreamNullObj();org.apache.commons.lang3.SerializationUtilsTest.testSerializeIOException();
org.apache.commons.lang3.StringUtils.capitalize(String);org.apache.commons.lang3.StringUtilsTest.testCapitalize();;;;
org.apache.commons.lang3.StringUtils.center(String,int,char);org.apache.commons.lang3.StringUtilsTest.testCenter_StringIntChar();;;;
org.apache.commons.lang3.StringUtils.chop(String);org.apache.commons.lang3.StringUtilsTest.testChop();;;;
org.apache.commons.lang3.StringUtils.compare(String,String,boolean);org.apache.commons.lang3.StringUtilsEqualsIndexOfTest.testCompare_StringStringBoolean();;;;
org.apache.commons.lang3.StringUtils.compareIgnoreCase(String,String,boolean);org.apache.commons.lang3.StringUtilsEqualsIndexOfTest.testCompareIgnoreCase_StringStringBoolean();;;;
org.apache.commons.lang3.StringUtils.containsAny(CharSequence,char...);org.apache.commons.lang3.StringUtilsContainsTest.testContainsAny_StringCharArray();org.apache.commons.lang3.StringUtilsContainsTest.testContainsAny_StringCharArrayWithBadSupplementaryChars();org.apache.commons.lang3.StringUtilsContainsTest.testContainsAny_StringCharArrayWithSupplementaryChars();;
org.apache.commons.lang3.StringUtils.containsIgnoreCase(CharSequence,CharSequence);org.apache.commons.lang3.StringUtilsContainsTest.testContainsIgnoreCase_LocaleIndependence();org.apache.commons.lang3.StringUtilsContainsTest.testContainsIgnoreCase_StringString();;;
org.apache.commons.lang3.StringUtils.containsOnly(CharSequence,char...);org.apache.commons.lang3.StringUtilsContainsTest.testContainsOnly_CharArray();;;;
org.apache.commons.lang3.StringUtils.containsWhitespace(CharSequence);org.apache.commons.lang3.StringUtilsContainsTest.testContainsWhitespace();;;;
org.apache.commons.lang3.StringUtils.countMatches(CharSequence,CharSequence);org.apache.commons.lang3.StringUtilsSubstringTest.testCountMatches_String();org.apache.commons.lang3.StringUtilsSubstringTest.testCountMatches_char();;;
org.apache.commons.lang3.StringUtils.deleteWhitespace(String);org.apache.commons.lang3.StringUtilsTest.testDeleteWhitespace_String();;;;
org.apache.commons.lang3.StringUtils.difference(String,String);org.apache.commons.lang3.StringUtilsTest.testDifference_StringString();;;;
org.apache.commons.lang3.StringUtils.endsWithAny(CharSequence,CharSequence...);org.apache.commons.lang3.StringUtilsStartsEndsWithTest.testEndsWithAny();;;;
org.apache.commons.lang3.StringUtils.getCommonPrefix(String...);org.apache.commons.lang3.StringUtilsTest.testGetCommonPrefix_StringArray();;;;
org.apache.commons.lang3.StringUtils.getDigits(String);org.apache.commons.lang3.StringUtilsTest.testGetDigits();;;;
org.apache.commons.lang3.StringUtils.indexOfAny(CharSequence,CharSequence...);org.apache.commons.lang3.StringUtilsEqualsIndexOfTest.testIndexOfAny_StringStringArray();;;;
org.apache.commons.lang3.StringUtils.indexOfAnyBut(CharSequence,CharSequence);org.apache.commons.lang3.StringUtilsEqualsIndexOfTest.testIndexOfAnyBut_StringString();;;;
org.apache.commons.lang3.StringUtils.isAllBlank(CharSequence...);org.apache.commons.lang3.StringUtilsEmptyBlankTest.testIsAllBlank();;;;
org.apache.commons.lang3.StringUtils.isAllEmpty(CharSequence...);org.apache.commons.lang3.StringUtilsEmptyBlankTest.testIsAllEmpty();;;;
org.apache.commons.lang3.StringUtils.isAllLowerCase(CharSequence);org.apache.commons.lang3.StringUtilsTest.testIsAllLowerCase();;;;
org.apache.commons.lang3.StringUtils.isAllUpperCase(CharSequence);org.apache.commons.lang3.StringUtilsTest.testIsAllUpperCase();;;;
org.apache.commons.lang3.StringUtils.isAlpha(CharSequence);org.apache.commons.lang3.StringUtilsIsTest.testIsAlpha();;;;
org.apache.commons.lang3.StringUtils.isAsciiPrintable(CharSequence);org.apache.commons.lang3.StringUtilsIsTest.testIsAsciiPrintable_String();;;;
org.apache.commons.lang3.StringUtils.isMixedCase(CharSequence);org.apache.commons.lang3.StringUtilsTest.testIsMixedCase();;;;
org.apache.commons.lang3.StringUtils.join(byte[],char,int,int);org.apache.commons.lang3.StringUtilsTest.testJoin_ArrayOfBytes();;;;
org.apache.commons.lang3.StringUtils.lastIndexOfIgnoreCase(CharSequence,CharSequence,int);org.apache.commons.lang3.StringUtilsEqualsIndexOfTest.testLastIndexOfIgnoreCase_StringInt();;;;
org.apache.commons.lang3.StringUtils.leftPad(String,int,String);org.apache.commons.lang3.StringUtilsTest.testLeftPad_StringIntString();;;;
org.apache.commons.lang3.StringUtils.removeStartIgnoreCase(String,String);org.apache.commons.lang3.StringUtilsTest.testRemoveStartIgnoreCase();;;;
org.apache.commons.lang3.StringUtils.rightPad(String,int,String);org.apache.commons.lang3.StringUtilsTest.testRightPad_StringIntString();;;;
org.apache.commons.lang3.StringUtils.startsWithAny(CharSequence,CharSequence...);org.apache.commons.lang3.StringUtilsStartsEndsWithTest.testStartsWithAny();;;;
org.apache.commons.lang3.StringUtils.stripAccents(String);org.apache.commons.lang3.StringUtilsTrimStripTest.testStripAccents();;;;
org.apache.commons.lang3.StringUtils.stripStart(String,String);org.apache.commons.lang3.StringUtilsTrimStripTest.testStripStart_StringString();;;;
org.apache.commons.lang3.StringUtils.substringBetween(String,String,String);org.apache.commons.lang3.StringUtilsSubstringTest.testSubstringBetween_StringStringString();;;;
org.apache.commons.lang3.StringUtils.swapCase(String);org.apache.commons.lang3.StringUtilsTest.testSwapCase_String();;;;
org.apache.commons.lang3.StringUtils.uncapitalize(String);org.apache.commons.lang3.StringUtilsTest.testReCapitalize();org.apache.commons.lang3.StringUtilsTest.testUnCapitalize();;;
org.apache.commons.lang3.StringUtils.unwrap(String,String);org.apache.commons.lang3.StringUtilsTest.testUnwrap_StringChar();org.apache.commons.lang3.StringUtilsTest.testUnwrap_StringString();;;
org.apache.commons.lang3.ThreadUtils.findThreadById(long,String);org.apache.commons.lang3.ThreadUtilsTest.testThreadGroupsById();;;;
org.apache.commons.lang3.ThreadUtils.findThreadsByName(String,String);org.apache.commons.lang3.ThreadUtilsTest.testThreadGroups();org.apache.commons.lang3.ThreadUtilsTest.testComplexThreadGroups();;;
org.apache.commons.lang3.ThreadUtils.getSystemThreadGroup();org.apache.commons.lang3.ThreadUtilsTest.testSystemThreadGroupExists();;;;
