org.apache.commons.cli.CommandLine.getOptionProperties(Option);org.apache.commons.cli.CommandLineTest.testGetOptionPropertiesWithOption();;;;;;
org.apache.commons.cli.CommandLine.getOptionProperties(String);org.apache.commons.cli.CommandLineTest.testGetOptionProperties();org.apache.commons.cli.ParserTestCase.testPropertiesOption2();;;;;
org.apache.commons.cli.CommandLine.getOptionValue(Option);org.apache.commons.cli.ValueTest.testShortNoArgWithOption();org.apache.commons.cli.ValueTest.testShortWithArgWithOption();org.apache.commons.cli.ValueTest.testShortOptionalArgNoValueWithOption();org.apache.commons.cli.ValueTest.testLongOptionalNArgValuesWithOption();;;
org.apache.commons.cli.CommandLine.getOptionValues(Option);org.apache.commons.cli.ValueTest.testShortOptionalArgValuesWithOption();org.apache.commons.cli.ValueTest.testShortOptionalNArgValuesWithOption();;;;;
org.apache.commons.cli.CommandLine.getParsedOptionValue(Option);org.apache.commons.cli.CommandLineTest.testGetParsedOptionValueWithOption();;org.apache.commons.cli.CommandLineTest.testNullhOption();;;;
org.apache.commons.cli.HelpFormatter.printHelp(PrintWriter,int,String,String,Options,int,int,String,boolean);org.apache.commons.cli.HelpFormatterTest.testHeaderStartingWithLineSeparator();org.apache.commons.cli.HelpFormatterTest.testIndentedHeaderAndFooter();org.apache.commons.cli.HelpFormatterTest.testOptionWithoutShortFormat2();;;;
org.apache.commons.cli.HelpFormatter.printUsage(PrintWriter,int,String,Options);org.apache.commons.cli.HelpFormatterTest.testAutomaticUsage();org.apache.commons.cli.HelpFormatterTest.testPrintUsage();org.apache.commons.cli.HelpFormatterTest.testPrintSortedUsage();org.apache.commons.cli.HelpFormatterTest.testPrintOptionWithEmptyArgNameUsage();org.apache.commons.cli.HelpFormatterTest.testUsageWithLongOptSeparator();;
org.apache.commons.cli.Options.addOption(Option);org.apache.commons.cli.ApplicationTest.testLs();org.apache.commons.cli.ApplicationTest.testAnt();org.apache.commons.cli.ApplicationTest.testGroovy();org.apache.commons.cli.ApplicationTest.testNLT();org.apache.commons.cli.OptionsTest.testHelpOptions();org.apache.commons.cli.OptionsTest.testMissingOptionException();org.apache.commons.cli.OptionsTest.testMissingOptionsException()
org.apache.commons.cli.Options.addOptionGroup(OptionGroup);org.apache.commons.cli.OptionsTest.testGetOptionsGroups();;;;;;
org.apache.commons.cli.Options.getMatchingOptions(String);org.apache.commons.cli.OptionsTest.testGetMatchingOpts();;;;;;
org.apache.commons.cli.PatternOptionBuilder.parsePattern(String);org.apache.commons.cli.PatternOptionBuilderTest.testSimplePattern();org.apache.commons.cli.PatternOptionBuilderTest.testEmptyPattern();org.apache.commons.cli.PatternOptionBuilderTest.testUntypedPattern();org.apache.commons.cli.PatternOptionBuilderTest.testExistingFilePatternFileNotExist();;;
