Kind;Name;CountInput;CountLineCode;CountLineCodeDecl;CountLineCodeExe;CountOutput;CountPath;CountPathLog;CountStmt;CountStmtDecl;CountStmtExe;Cyclomatic;CyclomaticModified;CyclomaticStrict;Essential;Knots;MaxEssentialKnots;MaxNesting;MinEssentialKnots
File;ArgumentSeparatorToken.java;;6;3;1;;;;4;3;1;;;;;;;0;
File;ArrayStack.java;;43;13;19;;;;30;13;17;;;;;;;1;
File;ArrayStackTest.java;;123;43;71;;;;101;37;64;;;;;;;1;
File;CloseParenthesesToken.java;;6;3;1;;;;4;3;1;;;;;;;0;
File;ConcurrencyTests.java;;38;15;25;;;;26;16;10;;;;;;;1;
File;Expression.java;;162;43;101;;;;129;49;80;;;;;;;4;
File;ExpressionBuilder.java;;95;26;47;;;;76;32;44;;;;;;;2;
File;ExpressionBuilderTest.java;;2483;1251;1587;;;;1376;850;526;;;;;;;2;
File;ExpressionTest.java;;223;71;157;;;;142;57;85;;;;;;;2;
File;ExpressionValidateTest.java;;240;135;151;;;;124;88;36;;;;;;;1;
File;Function.java;;57;15;31;;;;47;18;29;;;;;;;2;
File;FunctionToken.java;;12;6;3;;;;9;6;3;;;;;;;0;
File;Functions.java;;310;39;266;;;;175;69;106;;;;;;;1;
File;FunctionsTest.java;;156;39;108;;;;116;30;86;;;;;;;0;
File;Maven__ch_qos_logback_logback_classic_1_1_1.xml;;13;;;;0;0;0;0;0;0;0;0;0;;;0;
File;Maven__ch_qos_logback_logback_core_1_1_1.xml;;13;;;;0;0;0;0;0;0;0;0;0;;;0;
File;Maven__junit_junit_4_11.xml;;13;;;;0;0;0;0;0;0;0;0;0;;;0;
File;Maven__org_hamcrest_hamcrest_core_1_3.xml;;13;;;;0;0;0;0;0;0;0;0;0;;;0;
File;Maven__org_slf4j_slf4j_api_1_7_6.xml;;13;;;;0;0;0;0;0;0;0;0;0;;;0;
File;NumberToken.java;;14;6;4;;;;10;6;4;;;;;;;0;
File;OpenParenthesesToken.java;;6;3;1;;;;4;3;1;;;;;;;0;
File;Operator.java;;46;24;23;;;;36;23;13;;;;;;;2;
File;OperatorToken.java;;15;6;5;;;;11;6;5;;;;;;;1;
File;Operators.java;;93;13;73;;;;52;20;32;;;;;;;2;
File;PerformanceTest.java;;89;41;64;;;;76;39;37;;;;;;;2;
File;ShuntingYard.java;;73;17;51;;;;49;16;33;;;;;;;4;
File;ShuntingYardTest.java;;119;53;73;;;;92;45;47;;;;;;;1;
File;TestUtil.java;;35;13;15;;;;27;13;14;;;;;;;0;
File;Token.java;;17;12;9;;;;14;12;2;;;;;;;0;
File;Tokenizer.java;;234;56;154;;;;166;54;112;;;;;;;4;
File;TokenizerTest.java;;374;85;291;;;;320;64;256;;;;;;;1;
File;TokenizerUnknownTokenOrVariableTest.java;;71;22;42;;;;48;16;32;;;;;;;1;
File;UnknownFunctionOrVariableException.java;;35;16;14;;;;26;15;11;;;;;;;1;
File;ValidationResult.java;;17;9;5;;;;13;9;4;;;;;;;0;
File;VariableToken.java;;11;5;3;;;;8;5;3;;;;;;;0;
File;changes.xml;;81;;;;0;0;0;0;0;0;0;0;0;;;0;
File;compiler.xml;;16;;;;0;0;0;0;0;0;0;0;0;;;0;
File;encodings.xml;;6;;;;0;0;0;0;0;0;0;0;0;;;0;
File;logback-test.xml;;10;;;;0;0;0;0;0;0;0;0;0;;;0;
File;logback-test.xml;;10;;;;0;0;0;0;0;0;0;0;0;;;0;
File;misc.xml;;11;;;;0;0;0;0;0;0;0;0;0;;;0;
File;modules.xml;;8;;;;0;0;0;0;0;0;0;0;0;;;0;
Package;net;;0;0;0;;;;0;0;0;;;;;;;0;
Package;net.objecthunter;;0;0;0;;;;0;0;0;;;;;;;0;
Package;net.objecthunter.exp4j;;3704;1699;2350;;;;2236;1233;1003;;;;;;;4;
Class;net.objecthunter.exp4j.ArrayStack;;41;11;19;;;;28;11;17;;;;;;;1;
Constructor;net.objecthunter.exp4j.ArrayStack.ArrayStack();2;3;1;1;2;1;0;2;1;1;1;1;1;1;0;0;0;0
Constructor;net.objecthunter.exp4j.ArrayStack.ArrayStack(int);13;8;1;5;3;2;0;5;1;4;2;2;2;1;0;0;1;0
Method;net.objecthunter.exp4j.ArrayStack.isEmpty();4;3;1;1;1;1;0;2;1;1;1;1;1;1;0;0;0;0
Method;net.objecthunter.exp4j.ArrayStack.peek();7;6;1;3;1;2;0;4;1;3;2;2;2;1;0;0;1;0
Method;net.objecthunter.exp4j.ArrayStack.pop();9;6;1;3;2;2;0;4;1;3;2;2;2;1;0;0;1;0
Method;net.objecthunter.exp4j.ArrayStack.push(double);14;8;2;5;3;2;0;6;2;4;2;2;2;1;0;0;1;0
Method;net.objecthunter.exp4j.ArrayStack.size();6;3;1;1;1;1;0;2;1;1;1;1;1;1;0;0;0;0
Public Class;net.objecthunter.exp4j.ArrayStackTest;;118;39;71;;;;97;33;64;;;;;;;1;
Public Constructor;net.objecthunter.exp4j.ArrayStackTest.ArrayStackTest();0;2;1;0;1;1;0;1;1;0;1;1;1;1;0;0;0;0
Public Method;net.objecthunter.exp4j.ArrayStackTest.testConstructor();0;3;2;1;1;1;0;2;2;0;1;1;1;1;0;0;0;0
Public Method;net.objecthunter.exp4j.ArrayStackTest.testIsEmpty();0;20;2;18;7;1;0;19;2;17;1;1;1;1;0;0;0;0
Public Method;net.objecthunter.exp4j.ArrayStackTest.testPeek();0;9;2;6;4;2;0;9;3;6;2;2;2;1;0;0;1;0
Public Method;net.objecthunter.exp4j.ArrayStackTest.testPeek2();0;11;3;8;4;2;0;11;4;7;2;2;2;1;0;0;1;0
Public Method;net.objecthunter.exp4j.ArrayStackTest.testPeekNoData();0;4;2;2;2;1;0;3;2;1;1;1;1;1;0;0;0;0
Public Method;net.objecthunter.exp4j.ArrayStackTest.testPop();0;9;2;5;4;4;1;8;3;5;3;3;3;1;0;0;1;0
Public Method;net.objecthunter.exp4j.ArrayStackTest.testPop2();0;9;2;5;3;4;1;8;3;5;3;3;3;1;0;0;1;0
Public Method;net.objecthunter.exp4j.ArrayStackTest.testPop3();0;10;2;7;7;2;0;10;3;7;2;2;2;1;0;0;1;0
Public Method;net.objecthunter.exp4j.ArrayStackTest.testPopNoData();0;4;2;2;2;1;0;3;2;1;1;1;1;1;0;0;0;0
Public Method;net.objecthunter.exp4j.ArrayStackTest.testPushLessSize();0;7;2;4;4;2;0;7;3;4;2;2;2;1;0;0;1;0
Public Method;net.objecthunter.exp4j.ArrayStackTest.testPushNoSize();0;7;2;5;4;1;0;6;2;4;1;1;1;1;0;0;0;0
Public Method;net.objecthunter.exp4j.ArrayStackTest.testSize();0;10;2;8;6;1;0;9;2;7;1;1;1;1;0;0;0;0
Public Class;net.objecthunter.exp4j.ConcurrencyTests;;32;9;25;;;;20;10;10;;;;;;;1;
Public Method;net.objecthunter.exp4j.ConcurrencyTests.testFutureEvaluation();0;29;7;25;10;4;1;19;9;10;3;3;3;1;0;0;1;0
Public Class;net.objecthunter.exp4j.Expression;;154;35;101;;;;121;41;80;;;;;;;4;
Public Constructor;net.objecthunter.exp4j.Expression.Expression(Expression);5;6;1;4;6;1;0;5;1;4;1;1;1;1;0;0;0;0
Constructor;net.objecthunter.exp4j.Expression.Expression(Token[]);4;5;1;3;6;1;0;4;1;3;1;1;1;1;0;0;0;0
Constructor;net.objecthunter.exp4j.Expression.Expression(Token[],Set<String>);3;5;1;3;5;1;0;4;1;3;1;1;1;1;0;0;0;0
Private Method;net.objecthunter.exp4j.Expression.checkVariableName(String);3;5;1;2;2;2;0;3;1;2;2;2;3;1;0;0;1;0
Public Method;net.objecthunter.exp4j.Expression.clearVariables();2;4;1;2;2;1;0;3;1;2;1;1;1;1;0;0;0;0
Private Static Method;net.objecthunter.exp4j.Expression.createDefaultVariables();2;8;2;6;2;1;0;7;2;5;1;1;1;1;0;0;0;0
Public Method;net.objecthunter.exp4j.Expression.evaluate();209;43;11;33;17;30;1;37;13;24;13;13;13;1;4;0;3;0
Public Method;net.objecthunter.exp4j.Expression.evaluateAsync(ExecutorService);4;3;1;1;2;1;0;2;1;1;1;1;1;1;0;0;0;0
Public Method;net.objecthunter.exp4j.Expression.getVariableNames();5;8;2;5;4;3;0;7;3;4;3;3;3;1;0;0;2;0
Public Method;net.objecthunter.exp4j.Expression.setVariable(String,double);61;5;1;3;3;1;0;4;1;3;1;1;1;1;0;0;0;0
Public Method;net.objecthunter.exp4j.Expression.setVariables(Map<String,Double>);2;6;1;3;5;2;0;5;2;3;2;2;2;1;0;0;1;0
Public Method;net.objecthunter.exp4j.Expression.validate();9;3;1;1;2;1;0;2;1;1;1;1;1;1;0;0;0;0
Public Method;net.objecthunter.exp4j.Expression.validate(boolean);36;48;7;35;12;160;2;34;9;25;17;14;17;3;7;4;4;3
Public Class;net.objecthunter.exp4j.ExpressionBuilder;;89;20;47;;;;70;26;44;;;;;;;2;
Public Constructor;net.objecthunter.exp4j.ExpressionBuilder.ExpressionBuilder(String);251;9;1;6;7;2;0;7;1;6;2;2;3;1;0;0;1;0
Public Method;net.objecthunter.exp4j.ExpressionBuilder.build();183;16;1;11;8;6;1;12;2;10;4;4;5;1;0;0;2;0
Private Method;net.objecthunter.exp4j.ExpressionBuilder.checkOperatorSymbol(Operator);2;8;2;4;3;3;0;6;3;3;3;3;3;1;0;0;2;0
Public Method;net.objecthunter.exp4j.ExpressionBuilder.function(Function);19;4;1;2;3;1;0;3;1;2;1;1;1;1;0;0;0;0
Public Method;net.objecthunter.exp4j.ExpressionBuilder.functions(Function...);14;6;1;3;3;2;0;5;2;3;2;2;2;1;0;0;1;0
Public Method;net.objecthunter.exp4j.ExpressionBuilder.functions(List<Function>);2;6;1;3;3;2;0;5;2;3;2;2;2;1;0;0;1;0
Public Method;net.objecthunter.exp4j.ExpressionBuilder.implicitMultiplication(boolean);5;4;1;2;2;1;0;3;1;2;1;1;1;1;0;0;0;0
Public Method;net.objecthunter.exp4j.ExpressionBuilder.operator(List<Operator>);1;6;1;3;2;2;0;5;2;3;2;2;2;1;0;0;1;0
Public Method;net.objecthunter.exp4j.ExpressionBuilder.operator(Operator);15;5;1;3;4;1;0;4;1;3;1;1;1;1;0;0;0;0
Public Method;net.objecthunter.exp4j.ExpressionBuilder.operator(Operator...);1;6;1;3;2;2;0;5;2;3;2;2;2;1;0;0;1;0
Public Method;net.objecthunter.exp4j.ExpressionBuilder.variable(String);23;4;1;2;2;1;0;3;1;2;1;1;1;1;0;0;0;0
Public Method;net.objecthunter.exp4j.ExpressionBuilder.variables(Set<String>);2;4;1;2;2;1;0;3;1;2;1;1;1;1;0;0;0;0
Public Method;net.objecthunter.exp4j.ExpressionBuilder.variables(String...);39;4;1;2;2;1;0;3;1;2;1;1;1;1;0;0;0;0
Public Class;net.objecthunter.exp4j.ExpressionBuilderTest;;2471;1239;1587;;;;1364;838;526;;;;;;;2;
Public Method;net.objecthunter.exp4j.ExpressionBuilderTest.testCustomPercent();0;22;7;17;5;1;0;12;6;6;1;1;1;1;0;0;0;0
Anonymous Class;net.objecthunter.exp4j.ExpressionBuilderTest.testCustomPercent.(Anon_46);;11;3;9;;;;6;3;3;;;;;;;1;
Public Method;net.objecthunter.exp4j.ExpressionBuilderTest.testCustomPercent.(Anon_46).apply(double...);1;9;2;7;2;2;0;6;3;3;2;2;2;1;1;0;1;0
Public Method;net.objecthunter.exp4j.ExpressionBuilderTest.testDocumentationExample1();0;10;5;8;7;1;0;5;4;1;1;1;1;1;0;0;0;0
Public Method;net.objecthunter.exp4j.ExpressionBuilderTest.testDocumentationExample10();1;13;4;8;4;1;0;8;4;4;1;1;1;1;0;0;0;0
Anonymous Class;net.objecthunter.exp4j.ExpressionBuilderTest.testDocumentationExample10.(Anon_40);;8;1;6;;;;4;1;3;;;;;;;1;
Public Method;net.objecthunter.exp4j.ExpressionBuilderTest.testDocumentationExample10.(Anon_40).apply(double...);1;6;0;4;1;2;0;4;1;3;2;2;2;1;0;0;1;0
Public Method;net.objecthunter.exp4j.ExpressionBuilderTest.testDocumentationExample11();0;11;4;9;11;1;0;8;3;5;1;1;1;1;0;0;0;0
Public Method;net.objecthunter.exp4j.ExpressionBuilderTest.testDocumentationExample12();0;8;4;6;8;1;0;5;3;2;1;1;1;1;0;0;0;0
Public Method;net.objecthunter.exp4j.ExpressionBuilderTest.testDocumentationExample2();0;11;6;9;9;1;0;6;5;1;1;1;1;1;0;0;0;0
Public Method;net.objecthunter.exp4j.ExpressionBuilderTest.testDocumentationExample3();0;9;3;7;7;1;0;3;2;1;1;1;1;1;0;0;0;0
Public Method;net.objecthunter.exp4j.ExpressionBuilderTest.testDocumentationExample4();0;6;4;4;4;1;0;5;4;1;1;1;1;1;0;0;0;0
Public Method;net.objecthunter.exp4j.ExpressionBuilderTest.testDocumentationExample5();0;7;5;5;5;1;0;5;4;1;1;1;1;1;0;0;0;0
Public Method;net.objecthunter.exp4j.ExpressionBuilderTest.testDocumentationExample6();0;14;6;10;5;1;0;7;5;2;1;1;1;1;0;0;0;0
Anonymous Class;net.objecthunter.exp4j.ExpressionBuilderTest.testDocumentationExample6.(Anon_36);;5;1;4;;;;2;1;1;;;;;;;0;
Public Method;net.objecthunter.exp4j.ExpressionBuilderTest.testDocumentationExample6.(Anon_36).apply(double...);1;3;0;2;2;1;0;2;1;1;1;1;1;1;0;0;0;0
Public Method;net.objecthunter.exp4j.ExpressionBuilderTest.testDocumentationExample7();0;18;7;13;5;1;0;11;7;4;1;1;1;1;0;0;0;0
Anonymous Class;net.objecthunter.exp4j.ExpressionBuilderTest.testDocumentationExample7.(Anon_37);;9;2;7;;;;6;3;3;;;;;;;1;
Public Method;net.objecthunter.exp4j.ExpressionBuilderTest.testDocumentationExample7.(Anon_37).apply(double...);2;7;1;5;1;2;0;6;3;3;2;2;2;1;0;0;1;0
Public Method;net.objecthunter.exp4j.ExpressionBuilderTest.testDocumentationExample8();1;25;8;18;5;1;0;17;8;9;1;1;1;1;0;0;0;0
Anonymous Class;net.objecthunter.exp4j.ExpressionBuilderTest.testDocumentationExample8.(Anon_38);;16;3;12;;;;12;4;8;;;;;;;1;
Public Method;net.objecthunter.exp4j.ExpressionBuilderTest.testDocumentationExample8.(Anon_38).apply(double...);1;14;2;10;1;8;1;12;4;8;4;4;4;1;0;0;1;0
Public Method;net.objecthunter.exp4j.ExpressionBuilderTest.testDocumentationExample9();1;18;5;13;5;1;0;10;4;6;1;1;1;1;0;0;0;0
Anonymous Class;net.objecthunter.exp4j.ExpressionBuilderTest.testDocumentationExample9.(Anon_39);;9;1;7;;;;4;1;3;;;;;;;1;
Public Method;net.objecthunter.exp4j.ExpressionBuilderTest.testDocumentationExample9.(Anon_39).apply(double[]);1;7;0;5;1;2;0;4;1;3;2;2;2;1;1;0;1;0
Public Method;net.objecthunter.exp4j.ExpressionBuilderTest.testExpression1();0;9;5;5;4;1;0;7;4;3;1;1;1;1;0;0;0;0
Public Method;net.objecthunter.exp4j.ExpressionBuilderTest.testExpression10();0;9;5;5;4;1;0;7;4;3;1;1;1;1;0;0;0;0
Public Method;net.objecthunter.exp4j.ExpressionBuilderTest.testExpression11();0;12;7;10;9;1;0;7;6;1;1;1;1;1;0;0;0;0
Public Method;net.objecthunter.exp4j.ExpressionBuilderTest.testExpression12();0;7;5;5;6;1;0;5;4;1;1;1;1;1;0;0;0;0
Public Method;net.objecthunter.exp4j.ExpressionBuilderTest.testExpression13();0;7;5;5;5;1;0;5;4;1;1;1;1;1;0;0;0;0
Public Method;net.objecthunter.exp4j.ExpressionBuilderTest.testExpression14();0;7;5;5;5;1;0;5;4;1;1;1;1;1;0;0;0;0
Public Method;net.objecthunter.exp4j.ExpressionBuilderTest.testExpression15();0;7;5;5;6;1;0;5;4;1;1;1;1;1;0;0;0;0
Public Method;net.objecthunter.exp4j.ExpressionBuilderTest.testExpression16();0;7;5;5;7;1;0;5;4;1;1;1;1;1;0;0;0;0
Public Method;net.objecthunter.exp4j.ExpressionBuilderTest.testExpression17();0;12;7;10;6;1;0;7;6;1;1;1;1;1;0;0;0;0
Public Method;net.objecthunter.exp4j.ExpressionBuilderTest.testExpression18();0;7;5;5;4;1;0;5;4;1;1;1;1;1;0;0;0;0
Public Method;net.objecthunter.exp4j.ExpressionBuilderTest.testExpression19();0;7;5;5;4;1;0;5;4;1;1;1;1;1;0;0;0;0
Public Method;net.objecthunter.exp4j.ExpressionBuilderTest.testExpression2();0;9;5;5;4;1;0;7;4;3;1;1;1;1;0;0;0;0
Public Method;net.objecthunter.exp4j.ExpressionBuilderTest.testExpression20();0;7;5;5;5;1;0;5;4;1;1;1;1;1;0;0;0;0
Public Method;net.objecthunter.exp4j.ExpressionBuilderTest.testExpression21();0;10;6;8;8;1;0;6;5;1;1;1;1;1;0;0;0;0
Public Method;net.objecthunter.exp4j.ExpressionBuilderTest.testExpression22();0;10;6;8;8;1;0;6;5;1;1;1;1;1;0;0;0;0
Public Method;net.objecthunter.exp4j.ExpressionBuilderTest.testExpression23();0;10;6;8;9;1;0;6;5;1;1;1;1;1;0;0;0;0
Public Method;net.objecthunter.exp4j.ExpressionBuilderTest.testExpression24();0;7;5;5;6;1;0;5;4;1;1;1;1;1;0;0;0;0
Public Method;net.objecthunter.exp4j.ExpressionBuilderTest.testExpression25();0;7;5;5;5;1;0;5;4;1;1;1;1;1;0;0;0;0
Public Method;net.objecthunter.exp4j.ExpressionBuilderTest.testExpression26();0;7;5;5;5;1;0;5;4;1;1;1;1;1;0;0;0;0
Public Method;net.objecthunter.exp4j.ExpressionBuilderTest.testExpression27();0;7;5;5;5;1;0;5;4;1;1;1;1;1;0;0;0;0
Public Method;net.objecthunter.exp4j.ExpressionBuilderTest.testExpression28();0;7;5;5;6;1;0;5;4;1;1;1;1;1;0;0;0;0
Public Method;net.objecthunter.exp4j.ExpressionBuilderTest.testExpression29();0;7;5;5;4;1;0;5;4;1;1;1;1;1;0;0;0;0
Public Method;net.objecthunter.exp4j.ExpressionBuilderTest.testExpression3();0;9;5;5;4;1;0;7;4;3;1;1;1;1;0;0;0;0
Public Method;net.objecthunter.exp4j.ExpressionBuilderTest.testExpression30();0;7;5;5;6;1;0;5;4;1;1;1;1;1;0;0;0;0
Public Method;net.objecthunter.exp4j.ExpressionBuilderTest.testExpression31();0;10;6;8;8;1;0;6;5;1;1;1;1;1;0;0;0;0
Public Method;net.objecthunter.exp4j.ExpressionBuilderTest.testExpression32();0;10;6;8;8;1;0;6;5;1;1;1;1;1;0;0;0;0
Public Method;net.objecthunter.exp4j.ExpressionBuilderTest.testExpression33();0;10;6;8;8;1;0;6;5;1;1;1;1;1;0;0;0;0
Public Method;net.objecthunter.exp4j.ExpressionBuilderTest.testExpression34();0;7;5;5;4;1;0;5;4;1;1;1;1;1;0;0;0;0
Public Method;net.objecthunter.exp4j.ExpressionBuilderTest.testExpression4();0;9;5;5;4;1;0;7;4;3;1;1;1;1;0;0;0;0
Public Method;net.objecthunter.exp4j.ExpressionBuilderTest.testExpression40();0;7;5;5;4;1;0;5;4;1;1;1;1;1;0;0;0;0
Public Method;net.objecthunter.exp4j.ExpressionBuilderTest.testExpression41();0;7;5;5;4;1;0;5;4;1;1;1;1;1;0;0;0;0
Public Method;net.objecthunter.exp4j.ExpressionBuilderTest.testExpression42();0;7;5;5;4;1;0;5;4;1;1;1;1;1;0;0;0;0
Public Method;net.objecthunter.exp4j.ExpressionBuilderTest.testExpression43();0;8;6;6;4;1;0;6;5;1;1;1;1;1;0;0;0;0
Public Method;net.objecthunter.exp4j.ExpressionBuilderTest.testExpression44();0;7;5;5;4;1;0;5;4;1;1;1;1;1;0;0;0;0
Public Method;net.objecthunter.exp4j.ExpressionBuilderTest.testExpression45();0;5;2;3;2;1;0;3;2;1;1;1;1;1;0;0;0;0
Public Method;net.objecthunter.exp4j.ExpressionBuilderTest.testExpression46();0;5;2;3;2;1;0;3;2;1;1;1;1;1;0;0;0;0
Public Method;net.objecthunter.exp4j.ExpressionBuilderTest.testExpression48();0;6;5;4;3;1;0;4;4;0;1;1;1;1;0;0;0;0
Public Method;net.objecthunter.exp4j.ExpressionBuilderTest.testExpression49();0;6;5;4;3;1;0;4;4;0;1;1;1;1;0;0;0;0
Public Method;net.objecthunter.exp4j.ExpressionBuilderTest.testExpression5();0;9;5;5;4;1;0;7;4;3;1;1;1;1;0;0;0;0
Public Method;net.objecthunter.exp4j.ExpressionBuilderTest.testExpression50();0;6;5;4;3;1;0;4;4;0;1;1;1;1;0;0;0;0
Public Method;net.objecthunter.exp4j.ExpressionBuilderTest.testExpression51();0;6;5;4;3;1;0;4;4;0;1;1;1;1;0;0;0;0
Public Method;net.objecthunter.exp4j.ExpressionBuilderTest.testExpression52();0;6;5;4;3;1;0;4;4;0;1;1;1;1;0;0;0;0
Public Method;net.objecthunter.exp4j.ExpressionBuilderTest.testExpression53();0;9;4;7;9;1;0;6;3;3;1;1;1;1;0;0;0;0
Public Method;net.objecthunter.exp4j.ExpressionBuilderTest.testExpression54();0;8;4;6;6;1;0;5;3;2;1;1;1;1;0;0;0;0
Public Method;net.objecthunter.exp4j.ExpressionBuilderTest.testExpression55();0;8;4;6;7;1;0;5;3;2;1;1;1;1;0;0;0;0
Public Method;net.objecthunter.exp4j.ExpressionBuilderTest.testExpression56();0;8;4;6;7;1;0;5;3;2;1;1;1;1;0;0;0;0
Public Method;net.objecthunter.exp4j.ExpressionBuilderTest.testExpression57();1;6;4;4;4;1;0;4;3;1;1;1;1;1;0;0;0;0
Public Method;net.objecthunter.exp4j.ExpressionBuilderTest.testExpression58();0;6;4;4;5;1;0;4;3;1;1;1;1;1;0;0;0;0
Public Method;net.objecthunter.exp4j.ExpressionBuilderTest.testExpression59();0;4;3;2;2;1;0;2;2;0;1;1;1;1;0;0;0;0
Public Method;net.objecthunter.exp4j.ExpressionBuilderTest.testExpression6();0;9;5;5;4;1;0;7;4;3;1;1;1;1;0;0;0;0
Public Method;net.objecthunter.exp4j.ExpressionBuilderTest.testExpression60();0;5;3;3;3;1;0;3;2;1;1;1;1;1;0;0;0;0
Public Method;net.objecthunter.exp4j.ExpressionBuilderTest.testExpression61();0;5;3;3;3;1;0;3;2;1;1;1;1;1;0;0;0;0
Public Method;net.objecthunter.exp4j.ExpressionBuilderTest.testExpression62();1;7;3;5;7;1;0;3;2;1;1;1;1;1;0;0;0;0
Public Method;net.objecthunter.exp4j.ExpressionBuilderTest.testExpression63();0;5;3;3;5;1;0;3;2;1;1;1;1;1;0;0;0;0
Public Method;net.objecthunter.exp4j.ExpressionBuilderTest.testExpression64();0;5;3;3;5;1;0;3;2;1;1;1;1;1;0;0;0;0
Public Method;net.objecthunter.exp4j.ExpressionBuilderTest.testExpression65();0;7;3;5;6;1;0;3;2;1;1;1;1;1;0;0;0;0
Public Method;net.objecthunter.exp4j.ExpressionBuilderTest.testExpression66();0;7;3;5;6;1;0;3;2;1;1;1;1;1;0;0;0;0
Public Method;net.objecthunter.exp4j.ExpressionBuilderTest.testExpression67();0;8;3;6;7;1;0;3;2;1;1;1;1;1;0;0;0;0
Public Method;net.objecthunter.exp4j.ExpressionBuilderTest.testExpression68();0;7;3;5;6;1;0;3;2;1;1;1;1;1;0;0;0;0
Public Method;net.objecthunter.exp4j.ExpressionBuilderTest.testExpression69();0;7;3;5;6;1;0;3;2;1;1;1;1;1;0;0;0;0
Public Method;net.objecthunter.exp4j.ExpressionBuilderTest.testExpression7();0;9;5;5;4;1;0;7;4;3;1;1;1;1;0;0;0;0
Public Method;net.objecthunter.exp4j.ExpressionBuilderTest.testExpression70();0;7;3;5;6;1;0;3;2;1;1;1;1;1;0;0;0;0
Public Method;net.objecthunter.exp4j.ExpressionBuilderTest.testExpression71();0;7;3;5;6;1;0;3;2;1;1;1;1;1;0;0;0;0
Public Method;net.objecthunter.exp4j.ExpressionBuilderTest.testExpression72();0;7;3;5;7;1;0;3;2;1;1;1;1;1;0;0;0;0
Public Method;net.objecthunter.exp4j.ExpressionBuilderTest.testExpression73();0;7;3;5;7;1;0;3;2;1;1;1;1;1;0;0;0;0
Public Method;net.objecthunter.exp4j.ExpressionBuilderTest.testExpression74();0;7;3;5;7;1;0;3;2;1;1;1;1;1;0;0;0;0
Public Method;net.objecthunter.exp4j.ExpressionBuilderTest.testExpression75();0;7;3;5;7;1;0;3;2;1;1;1;1;1;0;0;0;0
Public Method;net.objecthunter.exp4j.ExpressionBuilderTest.testExpression76();1;7;3;5;7;1;0;3;2;1;1;1;1;1;0;0;0;0
Public Method;net.objecthunter.exp4j.ExpressionBuilderTest.testExpression77();1;7;3;5;7;1;0;3;2;1;1;1;1;1;0;0;0;0
Public Method;net.objecthunter.exp4j.ExpressionBuilderTest.testExpression78();1;7;3;5;7;1;0;3;2;1;1;1;1;1;0;0;0;0
Public Method;net.objecthunter.exp4j.ExpressionBuilderTest.testExpression79();1;7;3;5;7;1;0;3;2;1;1;1;1;1;0;0;0;0
Public Method;net.objecthunter.exp4j.ExpressionBuilderTest.testExpression8();0;9;5;5;4;1;0;7;4;3;1;1;1;1;0;0;0;0
Public Method;net.objecthunter.exp4j.ExpressionBuilderTest.testExpression80();1;8;3;6;8;1;0;3;2;1;1;1;1;1;0;0;0;0
Public Method;net.objecthunter.exp4j.ExpressionBuilderTest.testExpression81();1;8;3;6;8;1;0;3;2;1;1;1;1;1;0;0;0;0
Public Method;net.objecthunter.exp4j.ExpressionBuilderTest.testExpression82();1;7;3;5;7;1;0;3;2;1;1;1;1;1;0;0;0;0
Public Method;net.objecthunter.exp4j.ExpressionBuilderTest.testExpression83();1;8;3;6;9;1;0;3;2;1;1;1;1;1;0;0;0;0
Public Method;net.objecthunter.exp4j.ExpressionBuilderTest.testExpression84();1;7;3;5;6;1;0;3;2;1;1;1;1;1;0;0;0;0
Public Method;net.objecthunter.exp4j.ExpressionBuilderTest.testExpression85();0;7;3;5;6;1;0;3;2;1;1;1;1;1;0;0;0;0
Public Method;net.objecthunter.exp4j.ExpressionBuilderTest.testExpression9();0;9;5;5;4;1;0;7;4;3;1;1;1;1;0;0;0;0
Public Method;net.objecthunter.exp4j.ExpressionBuilderTest.testExpressionBuilder01();0;9;4;7;6;1;0;4;3;1;1;1;1;1;0;0;0;0
Public Method;net.objecthunter.exp4j.ExpressionBuilderTest.testExpressionBuilder02();0;9;4;7;6;1;0;4;3;1;1;1;1;1;0;0;0;0
Public Method;net.objecthunter.exp4j.ExpressionBuilderTest.testExpressionBuilder03();0;12;6;10;8;1;0;6;5;1;1;1;1;1;0;0;0;0
Public Method;net.objecthunter.exp4j.ExpressionBuilderTest.testExpressionBuilder04();0;18;6;15;8;1;0;12;5;7;1;1;1;1;0;0;0;0
Public Method;net.objecthunter.exp4j.ExpressionBuilderTest.testExpressionBuilder05();0;11;6;9;6;1;0;6;5;1;1;1;1;1;0;0;0;0
Public Method;net.objecthunter.exp4j.ExpressionBuilderTest.testExpressionBuilder06();0;13;7;11;6;1;0;10;6;4;1;1;1;1;0;0;0;0
Public Method;net.objecthunter.exp4j.ExpressionBuilderTest.testExpressionBuilder07();0;9;5;7;8;1;0;5;4;1;1;1;1;1;0;0;0;0
Public Method;net.objecthunter.exp4j.ExpressionBuilderTest.testExpressionBuilder08();0;9;5;7;8;1;0;5;4;1;1;1;1;1;0;0;0;0
Public Method;net.objecthunter.exp4j.ExpressionBuilderTest.testExpressionBuilder1();0;6;3;4;4;1;0;3;2;1;1;1;1;1;0;0;0;0
Public Method;net.objecthunter.exp4j.ExpressionBuilderTest.testExpressionBuilder10();0;6;3;4;4;1;0;3;2;1;1;1;1;1;0;0;0;0
Public Method;net.objecthunter.exp4j.ExpressionBuilderTest.testExpressionBuilder11();0;6;3;4;4;1;0;3;2;1;1;1;1;1;0;0;0;0
Public Method;net.objecthunter.exp4j.ExpressionBuilderTest.testExpressionBuilder12();0;6;3;4;4;1;0;3;2;1;1;1;1;1;0;0;0;0
Public Method;net.objecthunter.exp4j.ExpressionBuilderTest.testExpressionBuilder13();0;6;3;4;4;1;0;3;2;1;1;1;1;1;0;0;0;0
Public Method;net.objecthunter.exp4j.ExpressionBuilderTest.testExpressionBuilder14();0;6;3;4;4;1;0;3;2;1;1;1;1;1;0;0;0;0
Public Method;net.objecthunter.exp4j.ExpressionBuilderTest.testExpressionBuilder15();0;5;3;3;3;1;0;2;2;0;1;1;1;1;0;0;0;0
Public Method;net.objecthunter.exp4j.ExpressionBuilderTest.testExpressionBuilder16();0;8;3;6;5;1;0;2;2;0;1;1;1;1;0;0;0;0
Public Method;net.objecthunter.exp4j.ExpressionBuilderTest.testExpressionBuilder17();0;9;4;7;10;1;0;6;3;3;1;1;1;1;0;0;0;0
Public Method;net.objecthunter.exp4j.ExpressionBuilderTest.testExpressionBuilder18();0;9;4;7;10;1;0;6;3;3;1;1;1;1;0;0;0;0
Public Method;net.objecthunter.exp4j.ExpressionBuilderTest.testExpressionBuilder19();0;9;4;7;10;1;0;6;3;3;1;1;1;1;0;0;0;0
Public Method;net.objecthunter.exp4j.ExpressionBuilderTest.testExpressionBuilder2();0;9;4;7;7;1;0;4;3;1;1;1;1;1;0;0;0;0
Public Method;net.objecthunter.exp4j.ExpressionBuilderTest.testExpressionBuilder3();0;10;5;8;8;1;0;5;4;1;1;1;1;1;0;0;0;0
Public Method;net.objecthunter.exp4j.ExpressionBuilderTest.testExpressionBuilder4();0;14;6;10;5;1;0;7;5;2;1;1;1;1;0;0;0;0
Anonymous Class;net.objecthunter.exp4j.ExpressionBuilderTest.testExpressionBuilder4.(Anon_1);;5;1;4;;;;2;1;1;;;;;;;0;
Public Method;net.objecthunter.exp4j.ExpressionBuilderTest.testExpressionBuilder4.(Anon_1).apply(double...);1;3;0;2;2;1;0;2;1;1;1;1;1;1;0;0;0;0
Public Method;net.objecthunter.exp4j.ExpressionBuilderTest.testExpressionBuilder5();0;18;7;13;5;1;0;11;7;4;1;1;1;1;0;0;0;0
Anonymous Class;net.objecthunter.exp4j.ExpressionBuilderTest.testExpressionBuilder5.(Anon_2);;9;2;7;;;;6;3;3;;;;;;;1;
Public Method;net.objecthunter.exp4j.ExpressionBuilderTest.testExpressionBuilder5.(Anon_2).apply(double...);2;7;1;5;1;2;0;6;3;3;2;2;2;1;0;0;1;0
Public Method;net.objecthunter.exp4j.ExpressionBuilderTest.testExpressionBuilder6();1;25;8;18;5;1;0;17;8;9;1;1;1;1;0;0;0;0
Anonymous Class;net.objecthunter.exp4j.ExpressionBuilderTest.testExpressionBuilder6.(Anon_3);;16;3;12;;;;12;4;8;;;;;;;1;
Public Method;net.objecthunter.exp4j.ExpressionBuilderTest.testExpressionBuilder6.(Anon_3).apply(double...);1;14;2;10;1;8;1;12;4;8;4;4;4;1;0;0;1;0
Public Method;net.objecthunter.exp4j.ExpressionBuilderTest.testExpressionBuilder7();0;8;3;6;9;1;0;4;2;2;1;1;1;1;0;0;0;0
Public Method;net.objecthunter.exp4j.ExpressionBuilderTest.testExpressionBuilder8();0;8;3;6;9;1;0;4;2;2;1;1;1;1;0;0;0;0
Public Method;net.objecthunter.exp4j.ExpressionBuilderTest.testExpressionBuilder9();0;8;3;6;7;1;0;3;2;1;1;1;1;1;0;0;0;0
Public Method;net.objecthunter.exp4j.ExpressionBuilderTest.testExpressionMultiplication();0;7;5;5;4;1;0;5;4;1;1;1;1;1;0;0;0;0
Public Method;net.objecthunter.exp4j.ExpressionBuilderTest.testExpressionPower();0;7;5;5;5;1;0;5;4;1;1;1;1;1;0;0;0;0
Public Method;net.objecthunter.exp4j.ExpressionBuilderTest.testFailUnknownFunction1();0;7;4;4;3;1;0;5;3;2;1;1;1;1;0;0;0;0
Public Method;net.objecthunter.exp4j.ExpressionBuilderTest.testFailUnknownFunction2();0;6;2;3;3;1;0;4;2;2;1;1;1;1;0;0;0;0
Public Method;net.objecthunter.exp4j.ExpressionBuilderTest.testFailUnknownFunction3();0;8;5;5;4;1;0;6;4;2;1;1;1;1;0;0;0;0
Public Method;net.objecthunter.exp4j.ExpressionBuilderTest.testFunction1();1;15;6;11;7;1;0;7;5;2;1;1;1;1;0;0;0;0
Anonymous Class;net.objecthunter.exp4j.ExpressionBuilderTest.testFunction1.(Anon_4);;5;1;4;;;;2;1;1;;;;;;;0;
Public Method;net.objecthunter.exp4j.ExpressionBuilderTest.testFunction1.(Anon_4).apply(double...);1;3;0;2;1;1;0;2;1;1;1;1;1;1;0;0;0;0
Public Method;net.objecthunter.exp4j.ExpressionBuilderTest.testFunction10();0;16;5;11;7;1;0;6;4;2;1;1;1;1;0;0;0;0
Anonymous Class;net.objecthunter.exp4j.ExpressionBuilderTest.testFunction10.(Anon_14);;5;1;4;;;;2;1;1;;;;;;;0;
Public Method;net.objecthunter.exp4j.ExpressionBuilderTest.testFunction10.(Anon_14).apply(double...);1;3;0;2;1;1;0;2;1;1;2;2;2;1;0;0;0;0
Public Method;net.objecthunter.exp4j.ExpressionBuilderTest.testFunction11();0;17;5;12;8;1;0;6;4;2;1;1;1;1;0;0;0;0
Anonymous Class;net.objecthunter.exp4j.ExpressionBuilderTest.testFunction11.(Anon_15);;5;1;4;;;;2;1;1;;;;;;;0;
Public Method;net.objecthunter.exp4j.ExpressionBuilderTest.testFunction11.(Anon_15).apply(double...);1;3;0;2;2;1;0;2;1;1;1;1;1;1;0;0;0;0
Public Method;net.objecthunter.exp4j.ExpressionBuilderTest.testFunction12();0;18;6;12;5;1;0;12;6;6;1;1;1;1;0;0;0;0
Anonymous Class;net.objecthunter.exp4j.ExpressionBuilderTest.testFunction12.(Anon_16);;11;2;8;;;;8;3;5;;;;;;;2;
Public Method;net.objecthunter.exp4j.ExpressionBuilderTest.testFunction12.(Anon_16).apply(double...);2;9;1;6;1;3;0;8;3;5;3;3;3;1;0;0;2;0
Public Method;net.objecthunter.exp4j.ExpressionBuilderTest.testFunction13();0;21;7;15;7;1;0;13;7;6;1;1;1;1;0;0;0;0
Anonymous Class;net.objecthunter.exp4j.ExpressionBuilderTest.testFunction13.(Anon_17);;11;2;8;;;;8;3;5;;;;;;;2;
Public Method;net.objecthunter.exp4j.ExpressionBuilderTest.testFunction13.(Anon_17).apply(double...);2;9;1;6;1;3;0;8;3;5;3;3;3;1;0;0;2;0
Public Method;net.objecthunter.exp4j.ExpressionBuilderTest.testFunction14();0;17;8;13;8;1;0;9;7;2;1;1;1;1;0;0;0;0
Anonymous Class;net.objecthunter.exp4j.ExpressionBuilderTest.testFunction14.(Anon_18);;5;1;4;;;;2;1;1;;;;;;;0;
Public Method;net.objecthunter.exp4j.ExpressionBuilderTest.testFunction14.(Anon_18).apply(double...);1;3;0;2;1;1;0;2;1;1;1;1;1;1;0;0;0;0
Public Method;net.objecthunter.exp4j.ExpressionBuilderTest.testFunction15();0;17;8;13;7;1;0;9;7;2;1;1;1;1;0;0;0;0
Anonymous Class;net.objecthunter.exp4j.ExpressionBuilderTest.testFunction15.(Anon_19);;5;1;4;;;;2;1;1;;;;;;;0;
Public Method;net.objecthunter.exp4j.ExpressionBuilderTest.testFunction15.(Anon_19).apply(double...);1;3;0;2;1;1;0;2;1;1;1;1;1;1;0;0;0;0
Public Method;net.objecthunter.exp4j.ExpressionBuilderTest.testFunction16();0;16;7;12;10;1;0;8;6;2;1;1;1;1;0;0;0;0
Anonymous Class;net.objecthunter.exp4j.ExpressionBuilderTest.testFunction16.(Anon_20);;5;1;4;;;;2;1;1;;;;;;;0;
Public Method;net.objecthunter.exp4j.ExpressionBuilderTest.testFunction16.(Anon_20).apply(double...);1;3;0;2;1;1;0;2;1;1;1;1;1;1;0;0;0;0
Public Method;net.objecthunter.exp4j.ExpressionBuilderTest.testFunction17();0;16;7;12;9;1;0;8;6;2;1;1;1;1;0;0;0;0
Anonymous Class;net.objecthunter.exp4j.ExpressionBuilderTest.testFunction17.(Anon_21);;5;1;4;;;;2;1;1;;;;;;;0;
Public Method;net.objecthunter.exp4j.ExpressionBuilderTest.testFunction17.(Anon_21).apply(double...);1;3;0;2;1;1;0;2;1;1;1;1;1;1;0;0;0;0
Public Method;net.objecthunter.exp4j.ExpressionBuilderTest.testFunction18();0;16;7;11;5;1;0;11;7;4;1;1;1;1;0;0;0;0
Anonymous Class;net.objecthunter.exp4j.ExpressionBuilderTest.testFunction18.(Anon_22);;9;2;7;;;;6;3;3;;;;;;;1;
Public Method;net.objecthunter.exp4j.ExpressionBuilderTest.testFunction18.(Anon_22).apply(double[]);2;7;1;5;2;2;0;6;3;3;2;2;2;1;0;0;1;0
Public Method;net.objecthunter.exp4j.ExpressionBuilderTest.testFunction19();0;12;6;8;6;1;0;7;5;2;1;1;1;1;0;0;0;0
Anonymous Class;net.objecthunter.exp4j.ExpressionBuilderTest.testFunction19.(Anon_23);;5;1;4;;;;2;1;1;;;;;;;0;
Public Method;net.objecthunter.exp4j.ExpressionBuilderTest.testFunction19.(Anon_23).apply(double[]);1;3;0;2;2;1;0;2;1;1;1;1;1;1;0;0;0;0
Public Method;net.objecthunter.exp4j.ExpressionBuilderTest.testFunction2();0;15;6;11;8;1;0;7;5;2;1;1;1;1;0;0;0;0
Anonymous Class;net.objecthunter.exp4j.ExpressionBuilderTest.testFunction2.(Anon_5);;5;1;4;;;;2;1;1;;;;;;;0;
Public Method;net.objecthunter.exp4j.ExpressionBuilderTest.testFunction2.(Anon_5).apply(double...);1;3;0;2;2;1;0;2;1;1;1;1;1;1;0;0;0;0
Public Method;net.objecthunter.exp4j.ExpressionBuilderTest.testFunction20();0;19;7;13;6;1;0;14;7;7;1;1;1;1;0;0;0;0
Anonymous Class;net.objecthunter.exp4j.ExpressionBuilderTest.testFunction20.(Anon_24);;11;2;8;;;;8;3;5;;;;;;;2;
Public Method;net.objecthunter.exp4j.ExpressionBuilderTest.testFunction20.(Anon_24).apply(double...);2;9;1;6;1;3;0;8;3;5;3;3;3;1;0;0;2;0
Public Method;net.objecthunter.exp4j.ExpressionBuilderTest.testFunction22();0;9;4;6;7;1;0;5;3;2;1;1;1;1;0;0;0;0
Public Method;net.objecthunter.exp4j.ExpressionBuilderTest.testFunction23();0;7;4;4;5;1;0;5;3;2;1;1;1;1;0;0;0;0
Public Method;net.objecthunter.exp4j.ExpressionBuilderTest.testFunction24();0;7;4;4;4;1;0;5;3;2;1;1;1;1;0;0;0;0
Public Method;net.objecthunter.exp4j.ExpressionBuilderTest.testFunction3();2;22;8;16;7;1;0;10;7;3;1;1;1;1;0;0;0;0
Anonymous Class;net.objecthunter.exp4j.ExpressionBuilderTest.testFunction3.(Anon_6);;5;1;4;;;;2;1;1;;;;;;;0;
Public Method;net.objecthunter.exp4j.ExpressionBuilderTest.testFunction3.(Anon_6).apply(double...);1;3;0;2;1;1;0;2;1;1;1;1;1;1;0;0;0;0
Anonymous Class;net.objecthunter.exp4j.ExpressionBuilderTest.testFunction3.(Anon_7);;5;1;4;;;;2;1;1;;;;;;;0;
Public Method;net.objecthunter.exp4j.ExpressionBuilderTest.testFunction3.(Anon_7).apply(double...);1;3;0;2;1;1;0;2;1;1;1;1;1;1;0;0;0;0
Public Method;net.objecthunter.exp4j.ExpressionBuilderTest.testFunction4();1;16;7;12;8;1;0;8;6;2;1;1;1;1;0;0;0;0
Anonymous Class;net.objecthunter.exp4j.ExpressionBuilderTest.testFunction4.(Anon_8);;5;1;4;;;;2;1;1;;;;;;;0;
Public Method;net.objecthunter.exp4j.ExpressionBuilderTest.testFunction4.(Anon_8).apply(double...);1;3;0;2;1;1;0;2;1;1;1;1;1;1;0;0;0;0
Public Method;net.objecthunter.exp4j.ExpressionBuilderTest.testFunction5();2;23;9;17;8;1;0;11;8;3;1;1;1;1;0;0;0;0
Anonymous Class;net.objecthunter.exp4j.ExpressionBuilderTest.testFunction5.(Anon_10);;5;1;4;;;;2;1;1;;;;;;;0;
Public Method;net.objecthunter.exp4j.ExpressionBuilderTest.testFunction5.(Anon_10).apply(double...);1;3;0;2;1;1;0;2;1;1;1;1;1;1;0;0;0;0
Anonymous Class;net.objecthunter.exp4j.ExpressionBuilderTest.testFunction5.(Anon_9);;5;1;4;;;;2;1;1;;;;;;;0;
Public Method;net.objecthunter.exp4j.ExpressionBuilderTest.testFunction5.(Anon_9).apply(double...);1;3;0;2;1;1;0;2;1;1;1;1;1;1;0;0;0;0
Public Method;net.objecthunter.exp4j.ExpressionBuilderTest.testFunction6();2;22;9;16;8;1;0;11;8;3;1;1;1;1;0;0;0;0
Anonymous Class;net.objecthunter.exp4j.ExpressionBuilderTest.testFunction6.(Anon_11);;5;1;4;;;;2;1;1;;;;;;;0;
Public Method;net.objecthunter.exp4j.ExpressionBuilderTest.testFunction6.(Anon_11).apply(double...);1;3;0;2;1;1;0;2;1;1;1;1;1;1;0;0;0;0
Anonymous Class;net.objecthunter.exp4j.ExpressionBuilderTest.testFunction6.(Anon_12);;5;1;4;;;;2;1;1;;;;;;;0;
Public Method;net.objecthunter.exp4j.ExpressionBuilderTest.testFunction6.(Anon_12).apply(double...);1;3;0;2;1;1;0;2;1;1;1;1;1;1;0;0;0;0
Public Method;net.objecthunter.exp4j.ExpressionBuilderTest.testFunction7();0;14;5;10;7;1;0;6;4;2;1;1;1;1;0;0;0;0
Anonymous Class;net.objecthunter.exp4j.ExpressionBuilderTest.testFunction7.(Anon_13);;5;1;4;;;;2;1;1;;;;;;;0;
Public Method;net.objecthunter.exp4j.ExpressionBuilderTest.testFunction7.(Anon_13).apply(double...);1;3;0;2;1;1;0;2;1;1;1;1;1;1;0;0;0;0
Public Method;net.objecthunter.exp4j.ExpressionBuilderTest.testGetVariableNames1();0;9;4;7;6;1;0;6;3;3;1;1;1;1;0;0;0;0
Public Method;net.objecthunter.exp4j.ExpressionBuilderTest.testGetVariableNames2();0;9;4;7;6;1;0;6;3;3;1;1;1;1;0;0;0;0
Public Method;net.objecthunter.exp4j.ExpressionBuilderTest.testImplicitMultiplicationOffFunction();0;8;3;6;6;1;0;3;2;1;1;1;1;1;0;0;0;0
Public Method;net.objecthunter.exp4j.ExpressionBuilderTest.testImplicitMultiplicationOffNumber();0;7;3;5;5;1;0;3;2;1;1;1;1;1;0;0;0;0
Public Method;net.objecthunter.exp4j.ExpressionBuilderTest.testImplicitMultiplicationOffParentheses();0;7;3;5;5;1;0;3;2;1;1;1;1;1;0;0;0;0
Public Method;net.objecthunter.exp4j.ExpressionBuilderTest.testImplicitMultiplicationOffVariable();0;7;3;5;5;1;0;3;2;1;1;1;1;1;0;0;0;0
Public Method;net.objecthunter.exp4j.ExpressionBuilderTest.testImplicitMultiplicationOnFunction();0;7;3;5;7;1;0;3;2;1;1;1;1;1;0;0;0;0
Public Method;net.objecthunter.exp4j.ExpressionBuilderTest.testImplicitMultiplicationOnNumber();0;7;3;5;6;1;0;3;2;1;1;1;1;1;0;0;0;0
Public Method;net.objecthunter.exp4j.ExpressionBuilderTest.testImplicitMultiplicationOnParentheses();0;7;3;5;6;1;0;3;2;1;1;1;1;1;0;0;0;0
Public Method;net.objecthunter.exp4j.ExpressionBuilderTest.testImplicitMultiplicationOnVariable();0;7;3;5;6;1;0;3;2;1;1;1;1;1;0;0;0;0
Public Method;net.objecthunter.exp4j.ExpressionBuilderTest.testInvalidFunction();0;8;4;6;5;1;0;4;3;1;1;1;1;1;0;0;0;0
Public Method;net.objecthunter.exp4j.ExpressionBuilderTest.testInvalidFunction1();0;8;3;4;0;1;0;4;3;1;1;1;1;1;0;0;0;0
Anonymous Class;net.objecthunter.exp4j.ExpressionBuilderTest.testInvalidFunction1.(Anon_32);;5;1;4;;;;2;1;1;;;;;;;0;
Public Method;net.objecthunter.exp4j.ExpressionBuilderTest.testInvalidFunction1.(Anon_32).apply(double...);0;3;0;2;1;1;0;2;1;1;1;1;1;1;0;0;0;0
Public Method;net.objecthunter.exp4j.ExpressionBuilderTest.testInvalidFunction2();0;8;3;4;0;1;0;4;3;1;1;1;1;1;0;0;0;0
Anonymous Class;net.objecthunter.exp4j.ExpressionBuilderTest.testInvalidFunction2.(Anon_33);;5;1;4;;;;2;1;1;;;;;;;0;
Public Method;net.objecthunter.exp4j.ExpressionBuilderTest.testInvalidFunction2.(Anon_33).apply(double...);0;3;0;2;1;1;0;2;1;1;1;1;1;1;0;0;0;0
Public Method;net.objecthunter.exp4j.ExpressionBuilderTest.testInvalidNumberOfArguments1();0;6;4;4;3;1;0;4;3;1;1;1;1;1;0;0;0;0
Public Method;net.objecthunter.exp4j.ExpressionBuilderTest.testInvalidNumberOfArguments2();0;16;7;11;3;1;0;11;7;4;1;1;1;1;0;0;0;0
Anonymous Class;net.objecthunter.exp4j.ExpressionBuilderTest.testInvalidNumberOfArguments2.(Anon_35);;9;2;7;;;;6;3;3;;;;;;;1;
Public Method;net.objecthunter.exp4j.ExpressionBuilderTest.testInvalidNumberOfArguments2.(Anon_35).apply(double...);2;7;1;5;1;2;0;6;3;3;2;2;2;1;0;0;1;0
Public Method;net.objecthunter.exp4j.ExpressionBuilderTest.testInvalidOperator1();0;10;3;6;3;1;0;5;3;2;1;1;1;1;0;0;0;0
Anonymous Class;net.objecthunter.exp4j.ExpressionBuilderTest.testInvalidOperator1.(Anon_31);;5;1;4;;;;2;1;1;;;;;;;0;
Public Method;net.objecthunter.exp4j.ExpressionBuilderTest.testInvalidOperator1.(Anon_31).apply(double[]);0;3;0;2;1;1;0;2;1;1;1;1;1;1;0;0;0;0
Public Method;net.objecthunter.exp4j.ExpressionBuilderTest.testInvalidVarName();0;7;4;5;5;1;0;4;3;1;1;1;1;1;0;0;0;0
Public Method;net.objecthunter.exp4j.ExpressionBuilderTest.testMisplacedSeparator();0;7;4;5;5;1;0;4;3;1;1;1;1;1;0;0;0;0
Public Method;net.objecthunter.exp4j.ExpressionBuilderTest.testMissingVar();0;8;4;6;5;1;0;4;3;1;1;1;1;1;0;0;0;0
Public Method;net.objecthunter.exp4j.ExpressionBuilderTest.testModulo1();0;5;3;3;4;1;0;3;2;1;1;1;1;1;0;0;0;0
Public Method;net.objecthunter.exp4j.ExpressionBuilderTest.testOperators1();1;37;7;30;5;1;0;26;7;19;1;1;1;1;0;0;0;0
Anonymous Class;net.objecthunter.exp4j.ExpressionBuilderTest.testOperators1.(Anon_25);;16;3;12;;;;12;4;8;;;;;;;1;
Public Method;net.objecthunter.exp4j.ExpressionBuilderTest.testOperators1.(Anon_25).apply(double...);1;14;2;10;1;8;1;12;4;8;4;4;4;1;0;0;1;0
Public Method;net.objecthunter.exp4j.ExpressionBuilderTest.testOperators2();1;29;8;22;6;1;0;21;8;13;1;1;1;1;0;0;0;0
Anonymous Class;net.objecthunter.exp4j.ExpressionBuilderTest.testOperators2.(Anon_26);;16;3;12;;;;12;4;8;;;;;;;1;
Public Method;net.objecthunter.exp4j.ExpressionBuilderTest.testOperators2.(Anon_26).apply(double...);1;14;2;10;1;8;1;12;4;8;4;4;4;1;0;0;1;0
Public Method;net.objecthunter.exp4j.ExpressionBuilderTest.testOperators3();1;24;5;19;5;1;0;14;4;10;1;1;1;1;0;0;0;0
Anonymous Class;net.objecthunter.exp4j.ExpressionBuilderTest.testOperators3.(Anon_27);;9;1;7;;;;4;1;3;;;;;;;1;
Public Method;net.objecthunter.exp4j.ExpressionBuilderTest.testOperators3.(Anon_27).apply(double[]);1;7;0;5;1;2;0;4;1;3;2;2;2;1;1;0;1;0
Public Method;net.objecthunter.exp4j.ExpressionBuilderTest.testOperators4();0;60;9;50;5;1;0;32;8;24;1;1;1;1;0;0;0;0
Anonymous Class;net.objecthunter.exp4j.ExpressionBuilderTest.testOperators4.(Anon_28);;9;1;7;;;;4;1;3;;;;;;;1;
Public Method;net.objecthunter.exp4j.ExpressionBuilderTest.testOperators4.(Anon_28).apply(double[]);1;7;0;5;1;2;0;4;1;3;2;2;2;1;1;0;1;0
Anonymous Class;net.objecthunter.exp4j.ExpressionBuilderTest.testOperators4.(Anon_29);;9;1;7;;;;4;1;3;;;;;;;1;
Public Method;net.objecthunter.exp4j.ExpressionBuilderTest.testOperators4.(Anon_29).apply(double[]);1;7;0;5;1;2;0;4;1;3;2;2;2;1;1;0;1;0
Anonymous Class;net.objecthunter.exp4j.ExpressionBuilderTest.testOperators4.(Anon_30);;5;1;4;;;;2;1;1;;;;;;;0;
Public Method;net.objecthunter.exp4j.ExpressionBuilderTest.testOperators4.(Anon_30).apply(double[]);1;3;0;2;1;1;0;2;1;1;1;1;1;1;0;0;0;0
Public Method;net.objecthunter.exp4j.ExpressionBuilderTest.testPostfix1();0;9;5;5;5;1;0;7;4;3;1;1;1;1;0;0;0;0
Public Method;net.objecthunter.exp4j.ExpressionBuilderTest.testPostfixEverything();0;9;5;5;7;1;0;7;4;3;1;1;1;1;0;0;0;0
Public Method;net.objecthunter.exp4j.ExpressionBuilderTest.testPostfixExponentiation1();0;9;5;5;5;1;0;7;4;3;1;1;1;1;0;0;0;0
Public Method;net.objecthunter.exp4j.ExpressionBuilderTest.testPostfixExponentiation2();0;9;5;5;5;1;0;7;4;3;1;1;1;1;0;0;0;0
Public Method;net.objecthunter.exp4j.ExpressionBuilderTest.testPostfixExponentiation3();0;12;6;8;7;1;0;8;5;3;1;1;1;1;0;0;0;0
Public Method;net.objecthunter.exp4j.ExpressionBuilderTest.testPostfixExponentiation4();0;12;6;8;8;1;0;8;5;3;1;1;1;1;0;0;0;0
Public Method;net.objecthunter.exp4j.ExpressionBuilderTest.testPostfixFunction1();0;9;5;5;6;1;0;7;4;3;1;1;1;1;0;0;0;0
Public Method;net.objecthunter.exp4j.ExpressionBuilderTest.testPostfixFunction10();0;12;5;7;7;2;0;10;5;5;2;2;2;1;0;0;1;0
Public Method;net.objecthunter.exp4j.ExpressionBuilderTest.testPostfixFunction11();0;13;5;8;8;3;0;12;5;7;3;3;3;3;1;1;2;1
Public Method;net.objecthunter.exp4j.ExpressionBuilderTest.testPostfixFunction12();0;18;5;12;17;3;0;12;5;7;3;3;3;1;1;0;2;0
Public Method;net.objecthunter.exp4j.ExpressionBuilderTest.testPostfixFunction13();0;16;5;10;9;3;0;12;5;7;3;3;3;1;1;0;2;0
Public Method;net.objecthunter.exp4j.ExpressionBuilderTest.testPostfixFunction14();0;16;5;10;9;3;0;12;5;7;3;3;3;1;1;0;2;0
Public Method;net.objecthunter.exp4j.ExpressionBuilderTest.testPostfixFunction15();0;16;5;10;9;3;0;12;5;7;3;3;3;1;1;0;2;0
Public Method;net.objecthunter.exp4j.ExpressionBuilderTest.testPostfixFunction16();0;12;5;7;7;2;0;10;5;5;2;2;2;1;0;0;1;0
Public Method;net.objecthunter.exp4j.ExpressionBuilderTest.testPostfixFunction17();0;12;5;7;7;2;0;10;5;5;2;2;2;1;0;0;1;0
Public Method;net.objecthunter.exp4j.ExpressionBuilderTest.testPostfixFunction18();0;12;5;7;7;2;0;10;5;5;2;2;2;1;0;0;1;0
Public Method;net.objecthunter.exp4j.ExpressionBuilderTest.testPostfixFunction19();0;12;5;7;7;2;0;10;5;5;2;2;2;1;0;0;1;0
Public Method;net.objecthunter.exp4j.ExpressionBuilderTest.testPostfixFunction2();0;9;5;5;4;1;0;7;4;3;1;1;1;1;0;0;0;0
Public Method;net.objecthunter.exp4j.ExpressionBuilderTest.testPostfixFunction20();0;12;5;7;7;2;0;10;5;5;2;2;2;1;0;0;1;0
Public Method;net.objecthunter.exp4j.ExpressionBuilderTest.testPostfixFunction21();0;12;5;7;7;2;0;10;5;5;2;2;2;1;0;0;1;0
Public Method;net.objecthunter.exp4j.ExpressionBuilderTest.testPostfixFunction3();0;9;5;5;4;1;0;7;4;3;1;1;1;1;0;0;0;0
Public Method;net.objecthunter.exp4j.ExpressionBuilderTest.testPostfixFunction5();0;9;5;5;5;1;0;7;4;3;1;1;1;1;0;0;0;0
Public Method;net.objecthunter.exp4j.ExpressionBuilderTest.testPostfixFunction6();0;13;7;9;8;1;0;9;6;3;1;1;1;1;0;0;0;0
Public Method;net.objecthunter.exp4j.ExpressionBuilderTest.testPostfixFunction7();0;11;6;7;7;1;0;8;5;3;1;1;1;1;0;0;0;0
Public Method;net.objecthunter.exp4j.ExpressionBuilderTest.testPostfixFunction8();1;10;5;6;8;1;0;7;4;3;1;1;1;1;0;0;0;0
Public Method;net.objecthunter.exp4j.ExpressionBuilderTest.testPostfixFunction9();0;11;6;7;7;1;0;8;5;3;1;1;1;1;0;0;0;0
Public Method;net.objecthunter.exp4j.ExpressionBuilderTest.testPostfixInvalidVariableName();0;13;7;9;6;1;0;9;6;3;1;1;1;1;0;0;0;0
Public Method;net.objecthunter.exp4j.ExpressionBuilderTest.testPostfixParenthesis();0;9;5;5;4;1;0;7;4;3;1;1;1;1;0;0;0;0
Public Method;net.objecthunter.exp4j.ExpressionBuilderTest.testPostfixVariables();0;13;7;9;6;1;0;9;6;3;1;1;1;1;0;0;0;0
Public Method;net.objecthunter.exp4j.ExpressionBuilderTest.testSameName();0;17;7;13;11;1;0;9;6;3;1;1;1;1;0;0;0;0
Anonymous Class;net.objecthunter.exp4j.ExpressionBuilderTest.testSameName.(Anon_34);;5;1;4;;;;2;1;1;;;;;;;0;
Public Method;net.objecthunter.exp4j.ExpressionBuilderTest.testSameName.(Anon_34).apply(double...);1;3;0;2;1;1;0;2;1;1;1;1;1;1;0;0;0;0
Public Method;net.objecthunter.exp4j.ExpressionBuilderTest.testSameVariableAndBuiltinFunctionName();0;5;3;3;3;1;0;2;2;0;1;1;1;1;0;0;0;0
Public Method;net.objecthunter.exp4j.ExpressionBuilderTest.testSameVariableAndUserFunctionName();0;11;3;8;4;1;0;4;3;1;1;1;1;1;0;0;0;0
Anonymous Class;net.objecthunter.exp4j.ExpressionBuilderTest.testSameVariableAndUserFunctionName.(Anon_45);;5;0;4;;;;2;1;1;;;;;;;0;
Public Method;net.objecthunter.exp4j.ExpressionBuilderTest.testSameVariableAndUserFunctionName.(Anon_45).apply(double...);0;3;0;2;1;1;0;2;1;1;1;1;1;1;0;0;0;0
Public Method;net.objecthunter.exp4j.ExpressionBuilderTest.testSecondArgumentNegative();0;13;5;9;5;1;0;6;4;2;1;1;1;1;0;0;0;0
Anonymous Class;net.objecthunter.exp4j.ExpressionBuilderTest.testSecondArgumentNegative.(Anon_43);;5;1;4;;;;2;1;1;;;;;;;0;
Public Method;net.objecthunter.exp4j.ExpressionBuilderTest.testSecondArgumentNegative.(Anon_43).apply(double...);1;3;0;2;2;1;0;2;1;1;1;1;1;1;0;0;0;0
Public Method;net.objecthunter.exp4j.ExpressionBuilderTest.testSignum();0;20;3;18;4;1;0;13;2;11;1;1;1;1;0;0;0;0
Public Method;net.objecthunter.exp4j.ExpressionBuilderTest.testSpaceBetweenNumbers();0;4;3;2;2;1;0;2;2;0;1;1;1;1;0;0;0;0
Public Method;net.objecthunter.exp4j.ExpressionBuilderTest.testTwoAdjacentOperators();1;25;8;18;5;1;0;17;8;9;1;1;1;1;0;0;0;0
Anonymous Class;net.objecthunter.exp4j.ExpressionBuilderTest.testTwoAdjacentOperators.(Anon_44);;16;3;12;;;;12;4;8;;;;;;;1;
Public Method;net.objecthunter.exp4j.ExpressionBuilderTest.testTwoAdjacentOperators.(Anon_44).apply(double...);1;14;2;10;1;8;1;12;4;8;4;4;4;1;0;0;1;0
Public Method;net.objecthunter.exp4j.ExpressionBuilderTest.testUnaryMinus();0;5;3;3;4;1;0;3;2;1;1;1;1;1;0;0;0;0
Public Method;net.objecthunter.exp4j.ExpressionBuilderTest.testUnaryMinusInParenthesisSpace();0;5;3;3;4;1;0;4;3;1;1;1;1;1;0;0;0;0
Public Method;net.objecthunter.exp4j.ExpressionBuilderTest.testUnaryMinusPowerPrecedence();0;5;3;3;4;1;0;3;2;1;1;1;1;1;0;0;0;0
Public Method;net.objecthunter.exp4j.ExpressionBuilderTest.testUnaryMinusSpace();0;5;3;3;4;1;0;4;3;1;1;1;1;1;0;0;0;0
Public Method;net.objecthunter.exp4j.ExpressionBuilderTest.testUnaryMinusSpace1();0;5;3;3;4;1;0;4;3;1;1;1;1;1;0;0;0;0
Public Method;net.objecthunter.exp4j.ExpressionBuilderTest.testUnaryMinusSpaces();0;5;3;3;4;1;0;4;3;1;1;1;1;1;0;0;0;0
Public Method;net.objecthunter.exp4j.ExpressionBuilderTest.testUnicodeVariable1();1;7;3;5;6;1;0;3;2;1;1;1;1;1;0;0;0;0
Public Method;net.objecthunter.exp4j.ExpressionBuilderTest.testUnicodeVariable2();1;7;3;5;7;1;0;3;2;1;1;1;1;1;0;0;0;0
Public Method;net.objecthunter.exp4j.ExpressionBuilderTest.testUnicodeVariable3();1;14;5;10;8;1;0;6;4;2;1;1;1;1;0;0;0;0
Anonymous Class;net.objecthunter.exp4j.ExpressionBuilderTest.testUnicodeVariable3.(Anon_41);;5;1;4;;;;2;1;1;;;;;;;0;
Public Method;net.objecthunter.exp4j.ExpressionBuilderTest.testUnicodeVariable3.(Anon_41).apply(double...);1;3;0;2;2;1;0;2;1;1;1;1;1;1;0;0;0;0
Public Method;net.objecthunter.exp4j.ExpressionBuilderTest.testUnicodeVariable4();2;15;5;11;8;1;0;6;4;2;1;1;1;1;0;0;0;0
Anonymous Class;net.objecthunter.exp4j.ExpressionBuilderTest.testUnicodeVariable4.(Anon_42);;5;1;4;;;;2;1;1;;;;;;;0;
Public Method;net.objecthunter.exp4j.ExpressionBuilderTest.testUnicodeVariable4.(Anon_42).apply(double...);1;3;0;2;2;1;0;2;1;1;1;1;1;1;0;0;0;0
Public Method;net.objecthunter.exp4j.ExpressionBuilderTest.testValidationDocExample();0;11;4;9;11;1;0;8;3;5;1;1;1;1;0;0;0;0
Public Method;net.objecthunter.exp4j.ExpressionBuilderTest.testVarMap();0;11;5;9;8;1;0;7;4;3;1;1;1;1;0;0;0;0
Public Method;net.objecthunter.exp4j.ExpressionBuilderTest.testVarName1();0;8;4;6;6;1;0;4;3;1;1;1;1;1;0;0;0;0
Public Method;net.objecthunter.exp4j.ExpressionBuilderTest.testVariableWithDot();0;8;3;6;6;1;0;3;2;1;1;1;1;1;0;0;0;0
Public Class;net.objecthunter.exp4j.ExpressionTest;;212;60;157;;;;131;46;85;;;;;;;2;
Public Method;net.objecthunter.exp4j.ExpressionTest.evaluateFamily();1;18;5;14;5;2;0;13;5;8;2;2;2;1;0;0;2;0
Lambda Method;net.objecthunter.exp4j.ExpressionTest.evaluateFamily.(for_loop_4).(lambda_expr_1)();1;10;1;8;8;2;0;6;1;5;2;2;2;1;1;0;0;0
Public Method;net.objecthunter.exp4j.ExpressionTest.testClearVariables();0;25;6;21;9;4;1;20;6;14;3;3;3;1;2;0;1;0
Public Method;net.objecthunter.exp4j.ExpressionTest.testCotangent1();0;5;3;3;5;1;0;3;2;1;1;1;1;1;0;0;0;0
Public Method;net.objecthunter.exp4j.ExpressionTest.testExpression1();0;9;4;6;6;1;0;4;3;1;1;1;1;1;0;0;0;0
Public Method;net.objecthunter.exp4j.ExpressionTest.testExpression2();0;8;4;5;6;1;0;4;3;1;1;1;1;1;0;0;0;0
Public Method;net.objecthunter.exp4j.ExpressionTest.testFactorial();1;78;7;71;8;1;0;47;7;40;1;1;1;1;0;0;0;0
Anonymous Class;net.objecthunter.exp4j.ExpressionTest.testFactorial.(Anon_1);;16;3;12;;;;12;4;8;;;;;;;1;
Public Method;net.objecthunter.exp4j.ExpressionTest.testFactorial.(Anon_1).apply(double...);1;14;2;10;1;8;1;12;4;8;4;4;4;1;0;0;1;0
Public Method;net.objecthunter.exp4j.ExpressionTest.testGetVariableNames1();0;9;4;6;7;1;0;4;3;1;1;1;1;1;0;0;0;0
Public Method;net.objecthunter.exp4j.ExpressionTest.testInvalidCotangent1();0;5;3;3;3;1;0;3;2;1;1;1;1;1;0;0;0;0
Public Method;net.objecthunter.exp4j.ExpressionTest.testInvalidFactorial2();1;21;6;14;5;1;0;16;7;9;1;1;1;1;0;0;0;0
Anonymous Class;net.objecthunter.exp4j.ExpressionTest.testInvalidFactorial2.(Anon_3);;16;3;12;;;;12;4;8;;;;;;;1;
Public Method;net.objecthunter.exp4j.ExpressionTest.testInvalidFactorial2.(Anon_3).apply(double...);1;14;2;10;1;8;1;12;4;8;4;4;4;1;0;0;1;0
Public Method;net.objecthunter.exp4j.ExpressionTest.testOperatorFactorial2();1;21;6;14;5;1;0;16;7;9;1;1;1;1;0;0;0;0
Anonymous Class;net.objecthunter.exp4j.ExpressionTest.testOperatorFactorial2.(Anon_2);;16;3;12;;;;12;4;8;;;;;;;1;
Public Method;net.objecthunter.exp4j.ExpressionTest.testOperatorFactorial2.(Anon_2).apply(double...);1;14;2;10;1;8;1;12;4;8;4;4;4;1;0;0;1;0
Public Class;net.objecthunter.exp4j.ExpressionValidateTest;;234;129;151;;;;118;82;36;;;;;;;0;
Anonymous Class;net.objecthunter.exp4j.ExpressionValidateTest.(Anon_1);;5;1;4;;;;2;1;1;;;;;;;0;
Public Method;net.objecthunter.exp4j.ExpressionValidateTest.(Anon_1).apply(double...);1;3;0;2;1;1;0;2;1;1;1;1;1;1;0;0;0;0
Anonymous Class;net.objecthunter.exp4j.ExpressionValidateTest.(Anon_2);;5;1;4;;;;2;1;1;;;;;;;0;
Public Method;net.objecthunter.exp4j.ExpressionValidateTest.(Anon_2).apply(double...);1;3;0;2;1;1;0;2;1;1;1;1;1;1;0;0;0;0
Anonymous Class;net.objecthunter.exp4j.ExpressionValidateTest.(Anon_3);;9;2;7;;;;6;3;3;;;;;;;1;
Public Method;net.objecthunter.exp4j.ExpressionValidateTest.(Anon_3).apply(double...);1;7;1;5;1;2;0;6;3;3;2;2;2;1;0;0;1;0
Public Method;net.objecthunter.exp4j.ExpressionValidateTest.testNoArgFunctionValidation();0;24;5;20;6;1;0;12;4;8;1;1;1;1;0;0;0;0
Anonymous Class;net.objecthunter.exp4j.ExpressionValidateTest.testNoArgFunctionValidation.(Anon_4);;5;1;4;;;;2;1;1;;;;;;;0;
Public Method;net.objecthunter.exp4j.ExpressionValidateTest.testNoArgFunctionValidation.(Anon_4).apply(double...);0;3;0;2;2;1;0;2;1;1;1;1;1;1;0;0;0;0
Public Method;net.objecthunter.exp4j.ExpressionValidateTest.testValidateFunction();0;7;4;5;6;1;0;4;3;1;1;1;1;1;0;0;0;0
Public Method;net.objecthunter.exp4j.ExpressionValidateTest.testValidateFunctionAndOperator();0;7;4;5;6;1;0;4;3;1;1;1;1;1;0;0;0;0
Public Method;net.objecthunter.exp4j.ExpressionValidateTest.testValidateFunctionNegative();0;7;4;5;6;1;0;4;3;1;1;1;1;1;0;0;0;0
Public Method;net.objecthunter.exp4j.ExpressionValidateTest.testValidateFunctionPositive();0;7;4;5;6;1;0;4;3;1;1;1;1;1;0;0;0;0
Public Method;net.objecthunter.exp4j.ExpressionValidateTest.testValidateFunctionWithSevenArguments();1;7;4;5;6;1;0;4;3;1;1;1;1;1;0;0;0;0
Public Method;net.objecthunter.exp4j.ExpressionValidateTest.testValidateFunctionWithSevenArgumentsAndOperator();1;7;4;5;6;1;0;4;3;1;1;1;1;1;0;0;0;0
Public Method;net.objecthunter.exp4j.ExpressionValidateTest.testValidateFunctionWithThreeArguments();1;8;4;6;7;1;0;4;3;1;1;1;1;1;0;0;0;0
Public Method;net.objecthunter.exp4j.ExpressionValidateTest.testValidateFunctionWithThreeArgumentsAndOperator();1;8;4;6;7;1;0;4;3;1;1;1;1;1;0;0;0;0
Public Method;net.objecthunter.exp4j.ExpressionValidateTest.testValidateFunctionWithTwoAndThreeArguments();2;8;4;6;7;1;0;4;3;1;1;1;1;1;0;0;0;0
Public Method;net.objecthunter.exp4j.ExpressionValidateTest.testValidateFunctionWithTwoAndThreeArgumentsAndMultipleOperator();2;8;4;6;7;1;0;4;3;1;1;1;1;1;0;0;0;0
Public Method;net.objecthunter.exp4j.ExpressionValidateTest.testValidateFunctionWithTwoAndThreeArgumentsAndOperator();2;8;4;6;7;1;0;4;3;1;1;1;1;1;0;0;0;0
Public Method;net.objecthunter.exp4j.ExpressionValidateTest.testValidateFunctionWithTwoArguments();1;8;4;6;7;1;0;4;3;1;1;1;1;1;0;0;0;0
Public Method;net.objecthunter.exp4j.ExpressionValidateTest.testValidateFunctionWithTwoArgumentsAndOperator();1;8;4;6;7;1;0;4;3;1;1;1;1;1;0;0;0;0
Public Method;net.objecthunter.exp4j.ExpressionValidateTest.testValidateInvalidFunction();0;6;4;4;5;1;0;4;3;1;1;1;1;1;0;0;0;0
Public Method;net.objecthunter.exp4j.ExpressionValidateTest.testValidateInvalidFunctionWithManyArguments();1;7;4;5;6;1;0;4;3;1;1;1;1;1;0;0;0;0
Public Method;net.objecthunter.exp4j.ExpressionValidateTest.testValidateInvalidFunctionWithTooFewArguments();1;7;4;5;6;1;0;4;3;1;1;1;1;1;0;0;0;0
Public Method;net.objecthunter.exp4j.ExpressionValidateTest.testValidateInvalidFunctionWithTooFewArgumentsAndOperands();1;7;4;5;6;1;0;4;3;1;1;1;1;1;0;0;0;0
Public Method;net.objecthunter.exp4j.ExpressionValidateTest.testValidateInvalidOperand();0;6;4;4;5;1;0;4;3;1;1;1;1;1;0;0;0;0
Public Method;net.objecthunter.exp4j.ExpressionValidateTest.testValidateInvalidOperator();0;6;4;4;5;1;0;4;3;1;1;1;1;1;0;0;0;0
Public Method;net.objecthunter.exp4j.ExpressionValidateTest.testValidateNumber();0;6;4;4;5;1;0;4;3;1;1;1;1;1;0;0;0;0
Public Method;net.objecthunter.exp4j.ExpressionValidateTest.testValidateNumberNegative();0;6;4;4;5;1;0;4;3;1;1;1;1;1;0;0;0;0
Public Method;net.objecthunter.exp4j.ExpressionValidateTest.testValidateNumberPositive();0;6;4;4;5;1;0;4;3;1;1;1;1;1;0;0;0;0
Public Method;net.objecthunter.exp4j.ExpressionValidateTest.testValidateOperator();0;7;4;5;6;1;0;4;3;1;1;1;1;1;0;0;0;0
Public Class;net.objecthunter.exp4j.FunctionsTest;;151;34;108;;;;111;25;86;;;;;;;0;
Public Method;net.objecthunter.exp4j.FunctionsTest.testCheckFunctionNames();0;25;1;23;3;1;0;24;1;23;1;1;1;1;0;0;0;0
Public Method;net.objecthunter.exp4j.FunctionsTest.testFunctionNameEmpty();0;8;3;4;0;1;0;4;3;1;1;1;1;1;0;0;0;0
Anonymous Class;net.objecthunter.exp4j.FunctionsTest.testFunctionNameEmpty.(Anon_2);;5;1;4;;;;2;1;1;;;;;;;0;
Public Method;net.objecthunter.exp4j.FunctionsTest.testFunctionNameEmpty.(Anon_2).apply(double...);0;3;0;2;1;1;0;2;1;1;1;1;1;1;0;0;0;0
Public Method;net.objecthunter.exp4j.FunctionsTest.testFunctionNameNegativeArgs();0;8;3;4;0;1;0;4;3;1;1;1;1;1;0;0;0;0
Anonymous Class;net.objecthunter.exp4j.FunctionsTest.testFunctionNameNegativeArgs.(Anon_4);;5;1;4;;;;2;1;1;;;;;;;0;
Public Method;net.objecthunter.exp4j.FunctionsTest.testFunctionNameNegativeArgs.(Anon_4).apply(double...);0;3;0;2;1;1;0;2;1;1;1;1;1;1;0;0;0;0
Public Method;net.objecthunter.exp4j.FunctionsTest.testFunctionNameNull();0;8;3;4;0;1;0;4;3;1;1;1;1;1;0;0;0;0
Anonymous Class;net.objecthunter.exp4j.FunctionsTest.testFunctionNameNull.(Anon_1);;5;1;4;;;;2;1;1;;;;;;;0;
Public Method;net.objecthunter.exp4j.FunctionsTest.testFunctionNameNull.(Anon_1).apply(double...);0;3;0;2;1;1;0;2;1;1;1;1;1;1;0;0;0;0
Public Method;net.objecthunter.exp4j.FunctionsTest.testFunctionNameZeroArgs();0;9;3;5;2;1;0;5;3;2;1;1;1;1;0;0;0;0
Anonymous Class;net.objecthunter.exp4j.FunctionsTest.testFunctionNameZeroArgs.(Anon_3);;5;1;4;;;;2;1;1;;;;;;;0;
Public Method;net.objecthunter.exp4j.FunctionsTest.testFunctionNameZeroArgs.(Anon_3).apply(double...);0;3;0;2;1;1;0;2;1;1;1;1;1;1;0;0;0;0
Public Method;net.objecthunter.exp4j.FunctionsTest.testGetAllowedFunctionChars();1;58;2;56;5;1;0;57;2;55;1;1;1;1;0;0;0;0
Public Method;net.objecthunter.exp4j.FunctionsTest.testIllegalFunctionName1();0;8;3;4;0;1;0;4;3;1;1;1;1;1;0;0;0;0
Anonymous Class;net.objecthunter.exp4j.FunctionsTest.testIllegalFunctionName1.(Anon_5);;5;1;4;;;;2;1;1;;;;;;;0;
Public Method;net.objecthunter.exp4j.FunctionsTest.testIllegalFunctionName1.(Anon_5).apply(double...);0;3;0;2;1;1;0;2;1;1;1;1;1;1;0;0;0;0
Public Method;net.objecthunter.exp4j.FunctionsTest.testIllegalFunctionName2();0;8;3;4;0;1;0;4;3;1;1;1;1;1;0;0;0;0
Anonymous Class;net.objecthunter.exp4j.FunctionsTest.testIllegalFunctionName2.(Anon_6);;5;1;4;;;;2;1;1;;;;;;;0;
Public Method;net.objecthunter.exp4j.FunctionsTest.testIllegalFunctionName2.(Anon_6).apply(double...);0;3;0;2;1;1;0;2;1;1;1;1;1;1;0;0;0;0
Public Method;net.objecthunter.exp4j.FunctionsTest.testIllegalFunctionName3();0;8;3;4;0;1;0;4;3;1;1;1;1;1;0;0;0;0
Anonymous Class;net.objecthunter.exp4j.FunctionsTest.testIllegalFunctionName3.(Anon_7);;5;1;4;;;;2;1;1;;;;;;;0;
Public Method;net.objecthunter.exp4j.FunctionsTest.testIllegalFunctionName3.(Anon_7).apply(double...);0;3;0;2;1;1;0;2;1;1;1;1;1;1;0;0;0;0
Public Class;net.objecthunter.exp4j.PerformanceTest;;83;35;64;;;;70;33;37;;;;;;;2;
Private Method;net.objecthunter.exp4j.PerformanceTest.benchDouble();3;18;9;14;8;2;0;14;8;6;2;2;2;1;0;0;1;0
Private Method;net.objecthunter.exp4j.PerformanceTest.benchJavaMath();2;13;5;9;7;2;0;11;5;6;2;2;2;1;0;0;1;0
Private Method;net.objecthunter.exp4j.PerformanceTest.benchJavaScript();2;23;8;17;6;3;0;19;8;11;3;3;3;1;1;0;2;0
Public Method;net.objecthunter.exp4j.PerformanceTest.testBenches();1;24;9;22;7;1;0;23;9;14;1;1;1;1;0;0;0;0
Public Abstract Class;net.objecthunter.exp4j.TestUtil;;31;9;15;;;;23;9;14;;;;;;;0;
Public Static Method;net.objecthunter.exp4j.TestUtil.assertCloseParenthesesToken(Token);11;3;1;1;2;1;0;2;1;1;1;1;1;1;0;0;0;0
Public Static Method;net.objecthunter.exp4j.TestUtil.assertFunctionSeparatorToken(Token);3;3;1;1;2;1;0;2;1;1;1;1;1;1;0;0;0;0
Public Static Method;net.objecthunter.exp4j.TestUtil.assertFunctionToken(Token,String,int);12;6;2;4;5;1;0;5;2;3;1;1;1;1;0;0;0;0
Public Static Method;net.objecthunter.exp4j.TestUtil.assertNumberToken(Token,double);32;4;1;2;3;1;0;3;1;2;1;1;1;1;0;0;0;0
Public Static Method;net.objecthunter.exp4j.TestUtil.assertOpenParenthesesToken(Token);11;3;1;1;2;1;0;2;1;1;1;1;1;1;0;0;0;0
Public Static Method;net.objecthunter.exp4j.TestUtil.assertOperatorToken(Token,String,int,int);29;6;1;4;6;1;0;5;1;4;1;1;1;1;0;0;0;0
Public Static Method;net.objecthunter.exp4j.TestUtil.assertVariableToken(Token,String);10;4;1;2;3;1;0;3;1;2;1;1;1;1;0;0;0;0
Public Class;net.objecthunter.exp4j.ValidationResult;;15;7;5;;;;11;7;4;;;;;;;0;
Public Constructor;net.objecthunter.exp4j.ValidationResult.ValidationResult(boolean,List<String>);3;4;1;2;3;1;0;3;1;2;1;1;1;1;0;0;0;0
Public Method;net.objecthunter.exp4j.ValidationResult.getErrors();10;3;1;1;1;1;0;2;1;1;1;1;1;1;0;0;0;0
Public Method;net.objecthunter.exp4j.ValidationResult.isValid();39;3;1;1;1;1;0;2;1;1;1;1;1;1;0;0;0;0
Package;net.objecthunter.exp4j.function;;367;54;297;;;;222;87;135;;;;;;;2;
Public Abstract Class;net.objecthunter.exp4j.function.Function;;56;14;31;;;;46;17;29;;;;;;;2;
Public Constructor;net.objecthunter.exp4j.function.Function.Function(String);1;3;1;1;2;1;0;2;1;1;1;1;1;1;0;0;0;0
Public Constructor;net.objecthunter.exp4j.function.Function.Function(String,int);3;11;1;7;4;4;1;7;1;6;3;3;3;1;0;0;1;0
Public Abstract Method;net.objecthunter.exp4j.function.Function.apply(double...);2;1;1;0;1;0;0;1;1;0;0;0;0;0;0;0;0;0
Public Static Method;net.objecthunter.exp4j.function.Function.getAllowedFunctionCharacters();1;12;3;8;1;4;1;13;5;8;3;3;3;1;0;0;1;0
Public Method;net.objecthunter.exp4j.function.Function.getName();9;3;1;1;1;1;0;2;1;1;1;1;1;1;0;0;0;0
Public Method;net.objecthunter.exp4j.function.Function.getNumArguments();5;3;1;1;1;1;0;2;1;1;1;1;1;1;0;0;0;0
Public Static Method;net.objecthunter.exp4j.function.Function.isValidFunctionName(String);3;19;3;13;5;6;1;16;4;12;6;6;8;6;5;5;2;5
Public Class;net.objecthunter.exp4j.function.Functions;;309;38;266;;;;174;68;106;;;;;;;1;
Anonymous Class;net.objecthunter.exp4j.function.Functions.(Anon_1);;5;0;4;;;;2;1;1;;;;;;;0;
Public Method;net.objecthunter.exp4j.function.Functions.(Anon_1).apply(double...);1;3;0;2;2;1;0;2;1;1;1;1;1;1;0;0;0;0
Anonymous Class;net.objecthunter.exp4j.function.Functions.(Anon_10);;5;0;4;;;;2;1;1;;;;;;;0;
Public Method;net.objecthunter.exp4j.function.Functions.(Anon_10).apply(double...);1;3;0;2;2;1;0;2;1;1;1;1;1;1;0;0;0;0
Anonymous Class;net.objecthunter.exp4j.function.Functions.(Anon_11);;5;0;4;;;;2;1;1;;;;;;;0;
Public Method;net.objecthunter.exp4j.function.Functions.(Anon_11).apply(double...);1;3;0;2;2;1;0;2;1;1;1;1;1;1;0;0;0;0
Anonymous Class;net.objecthunter.exp4j.function.Functions.(Anon_12);;5;0;4;;;;2;1;1;;;;;;;0;
Public Method;net.objecthunter.exp4j.function.Functions.(Anon_12).apply(double...);1;3;0;2;2;1;0;2;1;1;1;1;1;1;0;0;0;0
Anonymous Class;net.objecthunter.exp4j.function.Functions.(Anon_13);;5;0;4;;;;2;1;1;;;;;;;0;
Public Method;net.objecthunter.exp4j.function.Functions.(Anon_13).apply(double...);1;3;0;2;2;1;0;2;1;1;1;1;1;1;0;0;0;0
Anonymous Class;net.objecthunter.exp4j.function.Functions.(Anon_14);;5;0;4;;;;2;1;1;;;;;;;0;
Public Method;net.objecthunter.exp4j.function.Functions.(Anon_14).apply(double...);1;3;0;2;2;1;0;2;1;1;1;1;1;1;0;0;0;0
Anonymous Class;net.objecthunter.exp4j.function.Functions.(Anon_15);;5;0;4;;;;2;1;1;;;;;;;0;
Public Method;net.objecthunter.exp4j.function.Functions.(Anon_15).apply(double...);1;3;0;2;2;1;0;2;1;1;1;1;1;1;0;0;0;0
Anonymous Class;net.objecthunter.exp4j.function.Functions.(Anon_16);;5;0;4;;;;2;1;1;;;;;;;0;
Public Method;net.objecthunter.exp4j.function.Functions.(Anon_16).apply(double...);1;3;0;2;2;1;0;2;1;1;1;1;1;1;0;0;0;0
Anonymous Class;net.objecthunter.exp4j.function.Functions.(Anon_17);;5;0;4;;;;2;1;1;;;;;;;0;
Public Method;net.objecthunter.exp4j.function.Functions.(Anon_17).apply(double...);1;3;0;2;2;1;0;2;1;1;1;1;1;1;0;0;0;0
Anonymous Class;net.objecthunter.exp4j.function.Functions.(Anon_18);;5;0;4;;;;2;1;1;;;;;;;0;
Public Method;net.objecthunter.exp4j.function.Functions.(Anon_18).apply(double...);1;3;0;2;2;1;0;2;1;1;1;1;1;1;0;0;0;0
Anonymous Class;net.objecthunter.exp4j.function.Functions.(Anon_19);;5;0;4;;;;2;1;1;;;;;;;0;
Public Method;net.objecthunter.exp4j.function.Functions.(Anon_19).apply(double...);1;3;0;2;2;1;0;2;1;1;1;1;1;1;0;0;0;0
Anonymous Class;net.objecthunter.exp4j.function.Functions.(Anon_2);;5;0;4;;;;2;1;1;;;;;;;0;
Public Method;net.objecthunter.exp4j.function.Functions.(Anon_2).apply(double...);1;3;0;2;2;1;0;2;1;1;1;1;1;1;0;0;0;0
Anonymous Class;net.objecthunter.exp4j.function.Functions.(Anon_20);;5;0;4;;;;2;1;1;;;;;;;0;
Public Method;net.objecthunter.exp4j.function.Functions.(Anon_20).apply(double...);1;3;0;2;2;1;0;2;1;1;1;1;1;1;0;0;0;0
Anonymous Class;net.objecthunter.exp4j.function.Functions.(Anon_21);;5;0;4;;;;2;1;1;;;;;;;0;
Public Method;net.objecthunter.exp4j.function.Functions.(Anon_21).apply(double...);1;3;0;2;2;1;0;2;1;1;1;1;1;1;0;0;0;0
Anonymous Class;net.objecthunter.exp4j.function.Functions.(Anon_22);;5;0;4;;;;2;1;1;;;;;;;0;
Public Method;net.objecthunter.exp4j.function.Functions.(Anon_22).apply(double...);1;3;0;2;2;1;0;2;1;1;1;1;1;1;0;0;0;0
Anonymous Class;net.objecthunter.exp4j.function.Functions.(Anon_23);;11;0;9;;;;6;1;5;;;;;;;1;
Public Method;net.objecthunter.exp4j.function.Functions.(Anon_23).apply(double...);1;9;0;7;1;3;0;6;1;5;3;3;3;3;2;2;1;2
Anonymous Class;net.objecthunter.exp4j.function.Functions.(Anon_24);;9;1;7;;;;5;2;3;;;;;;;1;
Public Method;net.objecthunter.exp4j.function.Functions.(Anon_24).apply(double...);1;7;1;5;2;2;0;5;2;3;2;2;2;1;0;0;1;0
Anonymous Class;net.objecthunter.exp4j.function.Functions.(Anon_25);;9;1;7;;;;5;2;3;;;;;;;1;
Public Method;net.objecthunter.exp4j.function.Functions.(Anon_25).apply(double...);1;7;1;5;2;2;0;5;2;3;2;2;2;1;0;0;1;0
Anonymous Class;net.objecthunter.exp4j.function.Functions.(Anon_26);;8;0;6;;;;4;1;3;;;;;;;1;
Public Method;net.objecthunter.exp4j.function.Functions.(Anon_26).apply(double...);1;6;0;4;2;2;0;4;1;3;2;2;2;1;1;0;1;0
Anonymous Class;net.objecthunter.exp4j.function.Functions.(Anon_27);;5;0;4;;;;2;1;1;;;;;;;0;
Public Method;net.objecthunter.exp4j.function.Functions.(Anon_27).apply(double...);1;3;0;2;2;1;0;2;1;1;1;1;1;1;0;0;0;0
Anonymous Class;net.objecthunter.exp4j.function.Functions.(Anon_28);;5;0;4;;;;2;1;1;;;;;;;0;
Public Method;net.objecthunter.exp4j.function.Functions.(Anon_28).apply(double...);1;3;0;2;3;1;0;2;1;1;1;1;1;1;0;0;0;0
Anonymous Class;net.objecthunter.exp4j.function.Functions.(Anon_29);;5;0;4;;;;2;1;1;;;;;;;0;
Public Method;net.objecthunter.exp4j.function.Functions.(Anon_29).apply(double...);1;3;0;2;2;1;0;2;1;1;1;1;1;1;0;0;0;0
Anonymous Class;net.objecthunter.exp4j.function.Functions.(Anon_3);;5;0;4;;;;2;1;1;;;;;;;0;
Public Method;net.objecthunter.exp4j.function.Functions.(Anon_3).apply(double...);1;3;0;2;2;1;0;2;1;1;1;1;1;1;0;0;0;0
Anonymous Class;net.objecthunter.exp4j.function.Functions.(Anon_30);;5;0;4;;;;2;1;1;;;;;;;0;
Public Method;net.objecthunter.exp4j.function.Functions.(Anon_30).apply(double...);1;3;0;2;2;1;0;2;1;1;1;1;1;1;0;0;0;0
Anonymous Class;net.objecthunter.exp4j.function.Functions.(Anon_31);;5;0;4;;;;2;1;1;;;;;;;0;
Public Method;net.objecthunter.exp4j.function.Functions.(Anon_31).apply(double...);1;3;0;2;2;1;0;2;1;1;1;1;1;1;0;0;0;0
Anonymous Class;net.objecthunter.exp4j.function.Functions.(Anon_4);;9;1;7;;;;5;2;3;;;;;;;1;
Public Method;net.objecthunter.exp4j.function.Functions.(Anon_4).apply(double...);1;7;1;5;2;2;0;5;2;3;2;2;2;1;0;0;1;0
Anonymous Class;net.objecthunter.exp4j.function.Functions.(Anon_5);;5;0;4;;;;2;1;1;;;;;;;0;
Public Method;net.objecthunter.exp4j.function.Functions.(Anon_5).apply(double...);1;3;0;2;2;1;0;2;1;1;1;1;1;1;0;0;0;0
Anonymous Class;net.objecthunter.exp4j.function.Functions.(Anon_6);;5;0;4;;;;2;1;1;;;;;;;0;
Public Method;net.objecthunter.exp4j.function.Functions.(Anon_6).apply(double...);1;3;0;2;2;1;0;2;1;1;1;1;1;1;0;0;0;0
Anonymous Class;net.objecthunter.exp4j.function.Functions.(Anon_7);;5;0;4;;;;2;1;1;;;;;;;0;
Public Method;net.objecthunter.exp4j.function.Functions.(Anon_7).apply(double...);1;3;0;2;2;1;0;2;1;1;1;1;1;1;0;0;0;0
Anonymous Class;net.objecthunter.exp4j.function.Functions.(Anon_8);;5;0;4;;;;2;1;1;;;;;;;0;
Public Method;net.objecthunter.exp4j.function.Functions.(Anon_8).apply(double...);1;3;0;2;2;1;0;2;1;1;1;1;1;1;0;0;0;0
Anonymous Class;net.objecthunter.exp4j.function.Functions.(Anon_9);;5;0;4;;;;2;1;1;;;;;;;0;
Public Method;net.objecthunter.exp4j.function.Functions.(Anon_9).apply(double...);1;3;0;2;2;1;0;2;1;1;1;1;1;1;0;0;0;0
Public Static Method;net.objecthunter.exp4j.function.Functions.getBuiltinFunction(String);36;66;1;63;1;31;1;33;1;32;31;2;31;1;465;0;1;0
Package;net.objecthunter.exp4j.operator;;139;37;96;;;;88;43;45;;;;;;;2;
Public Abstract Class;net.objecthunter.exp4j.operator.Operator;;45;23;23;;;;35;22;13;;;;;;;2;
Public Constructor;net.objecthunter.exp4j.operator.Operator.Operator(String,int,boolean,int);4;8;2;5;5;1;0;6;1;5;1;1;1;1;0;0;0;0
Public Abstract Method;net.objecthunter.exp4j.operator.Operator.apply(double...);1;1;1;0;1;0;0;1;1;0;0;0;0;0;0;0;0;0
Public Method;net.objecthunter.exp4j.operator.Operator.getNumOperands();7;3;1;1;1;1;0;2;1;1;1;1;1;1;0;0;0;0
Public Method;net.objecthunter.exp4j.operator.Operator.getPrecedence();4;3;1;1;1;1;0;2;1;1;1;1;1;1;0;0;0;0
Public Method;net.objecthunter.exp4j.operator.Operator.getSymbol();6;3;1;1;1;1;0;2;1;1;1;1;1;1;0;0;0;0
Public Static Method;net.objecthunter.exp4j.operator.Operator.isAllowedOperatorChar(char);5;8;1;4;1;3;0;6;2;4;3;3;3;3;3;3;2;3
Public Method;net.objecthunter.exp4j.operator.Operator.isLeftAssociative();3;3;1;1;1;1;0;2;1;1;1;1;1;1;0;0;0;0
Public Abstract Class;net.objecthunter.exp4j.operator.Operators;;92;12;73;;;;51;19;32;;;;;;;2;
Anonymous Class;net.objecthunter.exp4j.operator.Operators.(Anon_1);;5;0;4;;;;2;1;1;;;;;;;0;
Public Method;net.objecthunter.exp4j.operator.Operators.(Anon_1).apply(double...);1;3;0;2;1;1;0;2;1;1;1;1;1;1;0;0;0;0
Anonymous Class;net.objecthunter.exp4j.operator.Operators.(Anon_2);;5;0;4;;;;2;1;1;;;;;;;0;
Public Method;net.objecthunter.exp4j.operator.Operators.(Anon_2).apply(double...);1;3;0;2;1;1;0;2;1;1;1;1;1;1;0;0;0;0
Anonymous Class;net.objecthunter.exp4j.operator.Operators.(Anon_3);;5;0;4;;;;2;1;1;;;;;;;0;
Public Method;net.objecthunter.exp4j.operator.Operators.(Anon_3).apply(double...);1;3;0;2;1;1;0;2;1;1;1;1;1;1;0;0;0;0
Anonymous Class;net.objecthunter.exp4j.operator.Operators.(Anon_4);;5;0;4;;;;2;1;1;;;;;;;0;
Public Method;net.objecthunter.exp4j.operator.Operators.(Anon_4).apply(double...);1;3;0;2;1;1;0;2;1;1;1;1;1;1;0;0;0;0
Anonymous Class;net.objecthunter.exp4j.operator.Operators.(Anon_5);;5;0;4;;;;2;1;1;;;;;;;0;
Public Method;net.objecthunter.exp4j.operator.Operators.(Anon_5).apply(double...);1;3;0;2;1;1;0;2;1;1;1;1;1;1;0;0;0;0
Anonymous Class;net.objecthunter.exp4j.operator.Operators.(Anon_6);;8;0;6;;;;4;1;3;;;;;;;1;
Public Method;net.objecthunter.exp4j.operator.Operators.(Anon_6).apply(double...);1;6;0;4;1;2;0;4;1;3;2;2;2;1;0;0;1;0
Anonymous Class;net.objecthunter.exp4j.operator.Operators.(Anon_7);;5;0;4;;;;2;1;1;;;;;;;0;
Public Method;net.objecthunter.exp4j.operator.Operators.(Anon_7).apply(double...);1;3;0;2;2;1;0;2;1;1;1;1;1;1;0;0;0;0
Anonymous Class;net.objecthunter.exp4j.operator.Operators.(Anon_8);;8;0;6;;;;4;1;3;;;;;;;1;
Public Method;net.objecthunter.exp4j.operator.Operators.(Anon_8).apply(double...);1;6;0;4;1;2;0;4;1;3;2;2;2;1;0;0;1;0
Public Static Method;net.objecthunter.exp4j.operator.Operators.getBuiltinOperator(char,int);15;25;1;20;1;9;1;13;1;12;10;4;10;9;34;34;2;34
Package;net.objecthunter.exp4j.shuntingyard;;192;70;124;;;;141;61;80;;;;;;;4;
Public Class;net.objecthunter.exp4j.shuntingyard.ShuntingYard;;66;10;51;;;;42;9;33;;;;;;;4;
Public Static Method;net.objecthunter.exp4j.shuntingyard.ShuntingYard.convertToRPN(String,Map<String,Function>,Map<String,Operator>,Set<String>,boolean);22;64;9;51;17;51;2;41;8;33;18;12;26;11;27;26;4;24
Public Class;net.objecthunter.exp4j.shuntingyard.ShuntingYardTest;;110;44;73;;;;83;36;47;;;;;;;0;
Public Method;net.objecthunter.exp4j.shuntingyard.ShuntingYardTest.testShuntingYard1();1;7;3;5;3;1;0;6;3;3;1;1;1;1;0;0;0;0
Public Method;net.objecthunter.exp4j.shuntingyard.ShuntingYardTest.testShuntingYard2();1;7;3;5;5;1;0;6;3;3;1;1;1;1;0;0;0;0
Public Method;net.objecthunter.exp4j.shuntingyard.ShuntingYardTest.testShuntingYard3();1;6;3;4;3;1;0;5;3;2;1;1;1;1;0;0;0;0
Public Method;net.objecthunter.exp4j.shuntingyard.ShuntingYardTest.testShuntingYard4();2;8;3;6;3;1;0;7;3;4;1;1;1;1;0;0;0;0
Public Method;net.objecthunter.exp4j.shuntingyard.ShuntingYardTest.testShuntingYard5();2;8;3;6;3;1;0;7;3;4;1;1;1;1;0;0;0;0
Public Method;net.objecthunter.exp4j.shuntingyard.ShuntingYardTest.testShuntingYard6();3;11;3;9;3;1;0;10;3;7;1;1;1;1;0;0;0;0
Public Method;net.objecthunter.exp4j.shuntingyard.ShuntingYardTest.testShuntingYard7();2;28;8;21;4;1;0;23;9;14;1;1;1;1;0;0;0;0
Anonymous Class;net.objecthunter.exp4j.shuntingyard.ShuntingYardTest.testShuntingYard7.(Anon_1);;16;3;12;;;;12;4;8;;;;;;;1;
Public Method;net.objecthunter.exp4j.shuntingyard.ShuntingYardTest.testShuntingYard7.(Anon_1).apply(double...);1;14;2;10;1;8;1;12;4;8;4;4;4;1;0;0;1;0
Public Method;net.objecthunter.exp4j.shuntingyard.ShuntingYardTest.testShuntingYard8();2;8;3;6;3;1;0;7;3;4;1;1;1;1;0;0;0;0
Public Method;net.objecthunter.exp4j.shuntingyard.ShuntingYardTest.testShuntingYard9();1;16;5;11;4;1;0;11;5;6;1;1;1;1;0;0;0;0
Anonymous Class;net.objecthunter.exp4j.shuntingyard.ShuntingYardTest.testShuntingYard9.(Anon_2);;8;1;6;;;;4;1;3;;;;;;;1;
Public Method;net.objecthunter.exp4j.shuntingyard.ShuntingYardTest.testShuntingYard9.(Anon_2).apply(double...);1;6;0;4;1;2;0;4;1;3;2;2;2;1;0;0;1;0
Package;net.objecthunter.exp4j.tokenizer;;801;223;528;;;;624;193;431;;;;;;;4;
Class;net.objecthunter.exp4j.tokenizer.ArgumentSeparatorToken;;5;2;1;;;;3;2;1;;;;;;;0;
Constructor;net.objecthunter.exp4j.tokenizer.ArgumentSeparatorToken.ArgumentSeparatorToken();2;3;1;1;2;1;0;2;1;1;1;1;1;1;0;0;0;0
Class;net.objecthunter.exp4j.tokenizer.CloseParenthesesToken;;5;2;1;;;;3;2;1;;;;;;;0;
Constructor;net.objecthunter.exp4j.tokenizer.CloseParenthesesToken.CloseParenthesesToken();2;3;1;1;2;1;0;2;1;1;1;1;1;1;0;0;0;0
Public Class;net.objecthunter.exp4j.tokenizer.FunctionToken;;10;4;3;;;;7;4;3;;;;;;;0;
Public Constructor;net.objecthunter.exp4j.tokenizer.FunctionToken.FunctionToken(Function);4;4;1;2;3;1;0;3;1;2;1;1;1;1;0;0;0;0
Public Method;net.objecthunter.exp4j.tokenizer.FunctionToken.getFunction();4;3;1;1;1;1;0;2;1;1;1;1;1;1;0;0;0;0
Public Class;net.objecthunter.exp4j.tokenizer.NumberToken;;13;5;4;;;;9;5;4;;;;;;;0;
Constructor;net.objecthunter.exp4j.tokenizer.NumberToken.NumberToken(char[],int,int);4;3;1;1;4;1;0;2;1;1;1;1;1;1;0;0;0;0
Public Constructor;net.objecthunter.exp4j.tokenizer.NumberToken.NumberToken(double);6;4;1;2;3;1;0;3;1;2;1;1;1;1;0;0;0;0
Public Method;net.objecthunter.exp4j.tokenizer.NumberToken.getValue();3;3;1;1;1;1;0;2;1;1;1;1;1;1;0;0;0;0
Class;net.objecthunter.exp4j.tokenizer.OpenParenthesesToken;;5;2;1;;;;3;2;1;;;;;;;0;
Constructor;net.objecthunter.exp4j.tokenizer.OpenParenthesesToken.OpenParenthesesToken();2;3;1;1;2;1;0;2;1;1;1;1;1;1;0;0;0;0
Public Class;net.objecthunter.exp4j.tokenizer.OperatorToken;;13;4;5;;;;9;4;5;;;;;;;1;
Public Constructor;net.objecthunter.exp4j.tokenizer.OperatorToken.OperatorToken(Operator);6;7;1;4;3;2;0;5;1;4;2;2;2;1;0;0;1;0
Public Method;net.objecthunter.exp4j.tokenizer.OperatorToken.getOperator();6;3;1;1;1;1;0;2;1;1;1;1;1;1;0;0;0;0
Public Abstract Class;net.objecthunter.exp4j.tokenizer.Token;;16;11;9;;;;13;11;2;;;;;;;0;
Constructor;net.objecthunter.exp4j.tokenizer.Token.Token(int);8;3;1;1;2;1;0;2;1;1;1;1;1;1;0;0;0;0
Public Method;net.objecthunter.exp4j.tokenizer.Token.getType();14;3;1;1;1;1;0;2;1;1;1;1;1;1;0;0;0;0
Public Class;net.objecthunter.exp4j.tokenizer.Tokenizer;;227;49;154;;;;159;47;112;;;;;;;4;
Public Constructor;net.objecthunter.exp4j.tokenizer.Tokenizer.Tokenizer(String,Map<String,Function>,Map<String,Operator>,Set<String>);34;9;2;6;9;1;0;7;1;6;1;1;1;1;0;0;0;0
Public Constructor;net.objecthunter.exp4j.tokenizer.Tokenizer.Tokenizer(String,Map<String,Function>,Map<String,Operator>,Set<String>,boolean);8;9;2;6;9;1;0;7;1;6;1;1;1;1;0;0;0;0
Private Method;net.objecthunter.exp4j.tokenizer.Tokenizer.getFunction(String);3;10;2;6;3;4;1;7;2;5;3;3;3;1;0;0;1;0
Private Method;net.objecthunter.exp4j.tokenizer.Tokenizer.getOperator(String);7;24;5;17;9;12;1;17;5;12;7;7;11;1;2;0;4;0
Public Method;net.objecthunter.exp4j.tokenizer.Tokenizer.hasNext();25;3;1;1;1;1;0;2;1;1;1;1;1;1;0;0;0;0
Public Static Method;net.objecthunter.exp4j.tokenizer.Tokenizer.isAlphabetic(int);3;3;1;1;2;1;0;2;1;1;1;1;1;1;0;0;0;0
Private Method;net.objecthunter.exp4j.tokenizer.Tokenizer.isArgumentSeparator(char);2;3;1;1;1;1;0;2;1;1;1;1;1;1;0;0;0;0
Private Method;net.objecthunter.exp4j.tokenizer.Tokenizer.isCloseParentheses(char);2;3;1;1;1;1;0;2;1;1;1;1;3;1;0;0;0;0
Private Method;net.objecthunter.exp4j.tokenizer.Tokenizer.isEndOfExpression(int);5;3;1;1;1;1;0;2;1;1;1;1;1;1;0;0;0;0
Private Static Method;net.objecthunter.exp4j.tokenizer.Tokenizer.isNumeric(char,boolean);3;4;1;2;2;1;0;2;1;1;1;1;7;1;0;0;0;0
Private Method;net.objecthunter.exp4j.tokenizer.Tokenizer.isOpenParentheses(char);2;3;1;1;1;1;0;2;1;1;1;1;3;1;0;0;0;0
Public Static Method;net.objecthunter.exp4j.tokenizer.Tokenizer.isVariableOrFunctionCharacter(int);2;6;1;4;3;1;0;2;1;1;1;1;4;1;0;0;0;0
Public Method;net.objecthunter.exp4j.tokenizer.Tokenizer.nextToken();38;47;2;39;18;24;1;29;2;27;13;13;29;12;15;15;3;15
Private Method;net.objecthunter.exp4j.tokenizer.Tokenizer.parseArgumentSeparatorToken();2;5;1;3;4;1;0;4;1;3;1;1;1;1;0;0;0;0
Private Method;net.objecthunter.exp4j.tokenizer.Tokenizer.parseFunctionOrVariable();5;33;8;25;10;16;1;25;8;17;6;6;8;1;1;0;3;0
Private Method;net.objecthunter.exp4j.tokenizer.Tokenizer.parseNumberToken(char);5;21;3;16;9;5;1;15;3;12;4;4;7;1;1;0;1;0
Private Method;net.objecthunter.exp4j.tokenizer.Tokenizer.parseOperatorToken(char);5;22;6;17;11;6;1;17;6;11;4;4;5;3;3;2;2;1
Private Method;net.objecthunter.exp4j.tokenizer.Tokenizer.parseParentheses(boolean);3;9;1;6;5;2;0;6;1;5;2;2;2;1;1;0;1;0
Public Class;net.objecthunter.exp4j.tokenizer.TokenizerTest;;366;77;291;;;;312;56;256;;;;;;;0;
Public Method;net.objecthunter.exp4j.tokenizer.TokenizerTest.testTokenization1();0;4;2;2;3;1;0;3;2;1;1;1;1;1;0;0;0;0
Public Method;net.objecthunter.exp4j.tokenizer.TokenizerTest.testTokenization10();4;22;2;20;7;1;0;21;2;19;1;1;1;1;0;0;0;0
Public Method;net.objecthunter.exp4j.tokenizer.TokenizerTest.testTokenization11();1;8;2;6;7;1;0;7;2;5;1;1;1;1;0;0;0;0
Public Method;net.objecthunter.exp4j.tokenizer.TokenizerTest.testTokenization12();0;12;2;10;9;1;0;11;2;9;1;1;1;1;0;0;0;0
Public Method;net.objecthunter.exp4j.tokenizer.TokenizerTest.testTokenization13();0;6;2;4;7;1;0;5;2;3;1;1;1;1;0;0;0;0
Public Method;net.objecthunter.exp4j.tokenizer.TokenizerTest.testTokenization14();2;20;2;18;12;1;0;19;2;17;1;1;1;1;0;0;0;0
Public Method;net.objecthunter.exp4j.tokenizer.TokenizerTest.testTokenization15();2;20;2;18;12;1;0;19;2;17;1;1;1;1;0;0;0;0
Public Method;net.objecthunter.exp4j.tokenizer.TokenizerTest.testTokenization16();3;22;2;20;12;1;0;21;2;19;1;1;1;1;0;0;0;0
Public Method;net.objecthunter.exp4j.tokenizer.TokenizerTest.testTokenization17();3;22;2;20;12;1;0;21;2;19;1;1;1;1;0;0;0;0
Public Method;net.objecthunter.exp4j.tokenizer.TokenizerTest.testTokenization18();0;20;5;16;11;1;0;16;5;11;1;1;1;1;0;0;0;0
Anonymous Class;net.objecthunter.exp4j.tokenizer.TokenizerTest.testTokenization18.(Anon_1);;5;1;4;;;;2;1;1;;;;;;;0;
Public Method;net.objecthunter.exp4j.tokenizer.TokenizerTest.testTokenization18.(Anon_1).apply(double...);1;3;0;2;2;1;0;2;1;1;1;1;1;1;0;0;0;0
Public Method;net.objecthunter.exp4j.tokenizer.TokenizerTest.testTokenization19();0;28;6;23;12;1;0;24;7;17;1;1;1;1;0;0;0;0
Anonymous Class;net.objecthunter.exp4j.tokenizer.TokenizerTest.testTokenization19.(Anon_2);;9;2;7;;;;6;3;3;;;;;;;1;
Public Method;net.objecthunter.exp4j.tokenizer.TokenizerTest.testTokenization19.(Anon_2).apply(double...);2;7;1;5;1;2;0;6;3;3;2;2;2;1;0;0;1;0
Public Method;net.objecthunter.exp4j.tokenizer.TokenizerTest.testTokenization2();0;4;2;2;3;1;0;3;2;1;1;1;1;1;0;0;0;0
Public Method;net.objecthunter.exp4j.tokenizer.TokenizerTest.testTokenization20();1;16;5;12;11;1;0;12;5;7;1;1;1;1;0;0;0;0
Anonymous Class;net.objecthunter.exp4j.tokenizer.TokenizerTest.testTokenization20.(Anon_3);;5;1;4;;;;2;1;1;;;;;;;0;
Public Method;net.objecthunter.exp4j.tokenizer.TokenizerTest.testTokenization20.(Anon_3).apply(double...);0;3;0;2;1;1;0;2;1;1;1;1;1;1;0;0;0;0
Public Method;net.objecthunter.exp4j.tokenizer.TokenizerTest.testTokenization21();3;40;2;38;11;1;0;39;2;37;1;1;1;1;0;0;0;0
Public Method;net.objecthunter.exp4j.tokenizer.TokenizerTest.testTokenization22();2;20;2;18;9;1;0;19;2;17;1;1;1;1;0;0;0;0
Public Method;net.objecthunter.exp4j.tokenizer.TokenizerTest.testTokenization3();0;4;2;2;3;1;0;3;2;1;1;1;1;1;0;0;0;0
Public Method;net.objecthunter.exp4j.tokenizer.TokenizerTest.testTokenization4();1;10;2;8;7;1;0;9;2;7;1;1;1;1;0;0;0;0
Public Method;net.objecthunter.exp4j.tokenizer.TokenizerTest.testTokenization5();1;8;2;6;7;1;0;7;2;5;1;1;1;1;0;0;0;0
Public Method;net.objecthunter.exp4j.tokenizer.TokenizerTest.testTokenization6();1;8;2;6;7;1;0;7;2;5;1;1;1;1;0;0;0;0
Public Method;net.objecthunter.exp4j.tokenizer.TokenizerTest.testTokenization7();2;18;2;16;7;1;0;17;2;15;1;1;1;1;0;0;0;0
Public Method;net.objecthunter.exp4j.tokenizer.TokenizerTest.testTokenization8();2;18;2;16;7;1;0;17;2;15;1;1;1;1;0;0;0;0
Public Method;net.objecthunter.exp4j.tokenizer.TokenizerTest.testTokenization9();2;12;2;10;7;1;0;11;2;9;1;1;1;1;0;0;0;0
Public Class;net.objecthunter.exp4j.tokenizer.TokenizerUnknownTokenOrVariableTest;;68;19;42;;;;45;13;32;;;;;;;1;
Public Method;net.objecthunter.exp4j.tokenizer.TokenizerUnknownTokenOrVariableTest.testTokenizationOfUnknownFunction();0;6;2;3;3;2;0;4;2;2;2;2;2;1;0;0;1;0
Public Method;net.objecthunter.exp4j.tokenizer.TokenizerUnknownTokenOrVariableTest.testTokenizationOfUnknownFunction1Details();1;13;2;10;7;2;0;10;2;8;2;2;2;1;1;0;1;0
Public Method;net.objecthunter.exp4j.tokenizer.TokenizerUnknownTokenOrVariableTest.testTokenizationOfUnknownFunction2Details();1;11;2;8;7;2;0;8;2;6;2;2;2;1;1;0;1;0
Public Method;net.objecthunter.exp4j.tokenizer.TokenizerUnknownTokenOrVariableTest.testTokenizationOfUnknownVariable();0;6;2;3;3;2;0;4;2;2;2;2;2;1;0;0;1;0
Public Method;net.objecthunter.exp4j.tokenizer.TokenizerUnknownTokenOrVariableTest.testTokenizationOfUnknownVariable1Details();1;13;2;10;7;2;0;10;2;8;2;2;2;1;1;0;1;0
Public Method;net.objecthunter.exp4j.tokenizer.TokenizerUnknownTokenOrVariableTest.testTokenizationOfUnknownVariable2Details();1;11;2;8;7;2;0;8;2;6;2;2;2;1;1;0;1;0
Class;net.objecthunter.exp4j.tokenizer.UnknownFunctionOrVariableException;;34;15;14;;;;25;14;11;;;;;;;1;
Public Constructor;net.objecthunter.exp4j.tokenizer.UnknownFunctionOrVariableException.UnknownFunctionOrVariableException(String,int,int);5;6;1;4;6;1;0;5;1;4;1;1;1;1;0;0;0;0
Public Method;net.objecthunter.exp4j.tokenizer.UnknownFunctionOrVariableException.getExpression();5;3;1;1;1;1;0;2;1;1;1;1;1;1;0;0;0;0
Public Method;net.objecthunter.exp4j.tokenizer.UnknownFunctionOrVariableException.getMessage();1;3;1;1;1;1;0;2;1;1;1;1;1;1;0;0;0;0
Public Method;net.objecthunter.exp4j.tokenizer.UnknownFunctionOrVariableException.getPosition();5;3;1;1;1;1;0;2;1;1;1;1;1;1;0;0;0;0
Public Method;net.objecthunter.exp4j.tokenizer.UnknownFunctionOrVariableException.getToken();5;3;1;1;1;1;0;2;1;1;1;1;1;1;0;0;0;0
Private Static Method;net.objecthunter.exp4j.tokenizer.UnknownFunctionOrVariableException.token(String,int,int);4;8;3;5;3;2;0;6;3;3;2;2;2;1;0;0;1;0
Public Class;net.objecthunter.exp4j.tokenizer.VariableToken;;10;4;3;;;;7;4;3;;;;;;;0;
Public Constructor;net.objecthunter.exp4j.tokenizer.VariableToken.VariableToken(String);4;4;1;2;3;1;0;3;1;2;1;1;1;1;0;0;0;0
Public Method;net.objecthunter.exp4j.tokenizer.VariableToken.getName();5;3;1;1;1;1;0;2;1;1;1;1;1;1;0;0;0;0
File;overview.html;;0;;;;0;0;0;0;0;0;0;0;0;;;0;
File;pom.xml;;258;;;;0;0;0;0;0;0;0;0;0;;;0;
File;site.xml;;23;;;;0;0;0;0;0;0;0;0;0;;;0;
File;vcs.xml;;6;;;;0;0;0;0;0;0;0;0;0;;;0;
File;workspace.xml;;86;;;;0;0;0;0;0;0;0;0;0;;;0;
